Sexo;Clase social;Tipo de medicamento;Recetado;Total
Ambos sexos;TOTAL;Medicinas para el catarro, gripe, garganta, bronquios;TOTAL;100,00
Ambos sexos;TOTAL;Medicinas para el catarro, gripe, garganta, bronquios;Recetado;73,33
Ambos sexos;TOTAL;Medicinas para el catarro, gripe, garganta, bronquios;No recetado;26,67
Ambos sexos;TOTAL;Medicinas para el dolor;TOTAL;100,00
Ambos sexos;TOTAL;Medicinas para el dolor;Recetado;77,17
Ambos sexos;TOTAL;Medicinas para el dolor;No recetado;22,83
Ambos sexos;TOTAL;Medicinas para bajar la fiebre;TOTAL;100,00
Ambos sexos;TOTAL;Medicinas para bajar la fiebre;Recetado;84,44
Ambos sexos;TOTAL;Medicinas para bajar la fiebre;No recetado;15,56
Ambos sexos;TOTAL;Reconstituyentes (vitaminas, minerales, tónicos);TOTAL;100,00
Ambos sexos;TOTAL;Reconstituyentes (vitaminas, minerales, tónicos);Recetado;67,16
Ambos sexos;TOTAL;Reconstituyentes (vitaminas, minerales, tónicos);No recetado;32,84
Ambos sexos;TOTAL;Laxantes;TOTAL;100,00
Ambos sexos;TOTAL;Laxantes;Recetado;79,42
Ambos sexos;TOTAL;Laxantes;No recetado;20,58
Ambos sexos;TOTAL;Antibióticos;TOTAL;100,00
Ambos sexos;TOTAL;Antibióticos;Recetado;97,89
Ambos sexos;TOTAL;Antibióticos;No recetado;2,11
Ambos sexos;TOTAL;Tranquilizantes, relajantes, pastillas para dormir;TOTAL;100,00
Ambos sexos;TOTAL;Tranquilizantes, relajantes, pastillas para dormir;Recetado;97,10
Ambos sexos;TOTAL;Tranquilizantes, relajantes, pastillas para dormir;No recetado;2,90
Ambos sexos;TOTAL;Medicamentos para la alergia;TOTAL;100,00
Ambos sexos;TOTAL;Medicamentos para la alergia;Recetado;97,78
Ambos sexos;TOTAL;Medicamentos para la alergia;No recetado;2,22
Ambos sexos;TOTAL;Medicinas para el reuma;TOTAL;100,00
Ambos sexos;TOTAL;Medicinas para el reuma;Recetado;99,87
Ambos sexos;TOTAL;Medicinas para el reuma;No recetado;0,13
Ambos sexos;TOTAL;Medicinas para el corazón;TOTAL;100,00
Ambos sexos;TOTAL;Medicinas para el corazón;Recetado;100,00
Ambos sexos;TOTAL;Medicinas para el corazón;No recetado;0,00
Ambos sexos;TOTAL;Medicinas para la tensión arterial;TOTAL;100,00
Ambos sexos;TOTAL;Medicinas para la tensión arterial;Recetado;99,94
Ambos sexos;TOTAL;Medicinas para la tensión arterial;No recetado;0,06
Ambos sexos;TOTAL;Medicinas para el estómago y/o alteraciones digestivas;TOTAL;100,00
Ambos sexos;TOTAL;Medicinas para el estómago y/o alteraciones digestivas;Recetado;97,23
Ambos sexos;TOTAL;Medicinas para el estómago y/o alteraciones digestivas;No recetado;2,77
Ambos sexos;TOTAL;Antidepresivos, estimulantes;TOTAL;100,00
Ambos sexos;TOTAL;Antidepresivos, estimulantes;Recetado;99,75
Ambos sexos;TOTAL;Antidepresivos, estimulantes;No recetado;0,25
Ambos sexos;TOTAL;Píldoras para no quedar embarazada;TOTAL;0,00
Ambos sexos;TOTAL;Píldoras para no quedar embarazada;Recetado;0,00
Ambos sexos;TOTAL;Píldoras para no quedar embarazada;No recetado;0,00
Ambos sexos;TOTAL;Hormonas para la menopausia;TOTAL;0,00
Ambos sexos;TOTAL;Hormonas para la menopausia;Recetado;0,00
Ambos sexos;TOTAL;Hormonas para la menopausia;No recetado;0,00
Ambos sexos;TOTAL;Medicamentos para el colesterol;TOTAL;100,00
Ambos sexos;TOTAL;Medicamentos para el colesterol;Recetado;99,56
Ambos sexos;TOTAL;Medicamentos para el colesterol;No recetado;0,44
Ambos sexos;TOTAL;Medicamentos para la diabetes;TOTAL;100,00
Ambos sexos;TOTAL;Medicamentos para la diabetes;Recetado;99,93
Ambos sexos;TOTAL;Medicamentos para la diabetes;No recetado;0,07
Ambos sexos;TOTAL;Medicamentos para el tiroides;TOTAL;100,00
Ambos sexos;TOTAL;Medicamentos para el tiroides;Recetado;99,57
Ambos sexos;TOTAL;Medicamentos para el tiroides;No recetado;0,43
Ambos sexos;TOTAL;Otros medicamentos;TOTAL;100,00
Ambos sexos;TOTAL;Otros medicamentos;Recetado;94,49
Ambos sexos;TOTAL;Otros medicamentos;No recetado;5,51
Ambos sexos;I;Medicinas para el catarro, gripe, garganta, bronquios;TOTAL;100,00
Ambos sexos;I;Medicinas para el catarro, gripe, garganta, bronquios;Recetado;67,05
Ambos sexos;I;Medicinas para el catarro, gripe, garganta, bronquios;No recetado;32,95
Ambos sexos;I;Medicinas para el dolor;TOTAL;100,00
Ambos sexos;I;Medicinas para el dolor;Recetado;60,07
Ambos sexos;I;Medicinas para el dolor;No recetado;39,93
Ambos sexos;I;Medicinas para bajar la fiebre;TOTAL;100,00
Ambos sexos;I;Medicinas para bajar la fiebre;Recetado;77,05
Ambos sexos;I;Medicinas para bajar la fiebre;No recetado;22,95
Ambos sexos;I;Reconstituyentes (vitaminas, minerales, tónicos);TOTAL;100,00
Ambos sexos;I;Reconstituyentes (vitaminas, minerales, tónicos);Recetado;53,31
Ambos sexos;I;Reconstituyentes (vitaminas, minerales, tónicos);No recetado;46,69
Ambos sexos;I;Laxantes;TOTAL;100,00
Ambos sexos;I;Laxantes;Recetado;72,24
Ambos sexos;I;Laxantes;No recetado;27,76
Ambos sexos;I;Antibióticos;TOTAL;100,00
Ambos sexos;I;Antibióticos;Recetado;100,00
Ambos sexos;I;Antibióticos;No recetado;0,00
Ambos sexos;I;Tranquilizantes, relajantes, pastillas para dormir;TOTAL;100,00
Ambos sexos;I;Tranquilizantes, relajantes, pastillas para dormir;Recetado;89,27
Ambos sexos;I;Tranquilizantes, relajantes, pastillas para dormir;No recetado;10,73
Ambos sexos;I;Medicamentos para la alergia;TOTAL;100,00
Ambos sexos;I;Medicamentos para la alergia;Recetado;95,22
Ambos sexos;I;Medicamentos para la alergia;No recetado;4,78
Ambos sexos;I;Medicinas para el reuma;TOTAL;100,00
Ambos sexos;I;Medicinas para el reuma;Recetado;98,32
Ambos sexos;I;Medicinas para el reuma;No recetado;1,68
Ambos sexos;I;Medicinas para el corazón;TOTAL;100,00
Ambos sexos;I;Medicinas para el corazón;Recetado;100,00
Ambos sexos;I;Medicinas para el corazón;No recetado;0,00
Ambos sexos;I;Medicinas para la tensión arterial;TOTAL;100,00
Ambos sexos;I;Medicinas para la tensión arterial;Recetado;99,81
Ambos sexos;I;Medicinas para la tensión arterial;No recetado;0,19
Ambos sexos;I;Medicinas para el estómago y/o alteraciones digestivas;TOTAL;100,00
Ambos sexos;I;Medicinas para el estómago y/o alteraciones digestivas;Recetado;91,40
Ambos sexos;I;Medicinas para el estómago y/o alteraciones digestivas;No recetado;8,60
Ambos sexos;I;Antidepresivos, estimulantes;TOTAL;100,00
Ambos sexos;I;Antidepresivos, estimulantes;Recetado;100,00
Ambos sexos;I;Antidepresivos, estimulantes;No recetado;0,00
Ambos sexos;I;Píldoras para no quedar embarazada;TOTAL;0,00
Ambos sexos;I;Píldoras para no quedar embarazada;Recetado;0,00
Ambos sexos;I;Píldoras para no quedar embarazada;No recetado;0,00
Ambos sexos;I;Hormonas para la menopausia;TOTAL;0,00
Ambos sexos;I;Hormonas para la menopausia;Recetado;0,00
Ambos sexos;I;Hormonas para la menopausia;No recetado;0,00
Ambos sexos;I;Medicamentos para el colesterol;TOTAL;100,00
Ambos sexos;I;Medicamentos para el colesterol;Recetado;99,84
Ambos sexos;I;Medicamentos para el colesterol;No recetado;0,16
Ambos sexos;I;Medicamentos para la diabetes;TOTAL;100,00
Ambos sexos;I;Medicamentos para la diabetes;Recetado;100,00
Ambos sexos;I;Medicamentos para la diabetes;No recetado;0,00
Ambos sexos;I;Medicamentos para el tiroides;TOTAL;100,00
Ambos sexos;I;Medicamentos para el tiroides;Recetado;100,00
Ambos sexos;I;Medicamentos para el tiroides;No recetado;0,00
Ambos sexos;I;Otros medicamentos;TOTAL;100,00
Ambos sexos;I;Otros medicamentos;Recetado;92,26
Ambos sexos;I;Otros medicamentos;No recetado;7,74
Ambos sexos;II;Medicinas para el catarro, gripe, garganta, bronquios;TOTAL;100,00
Ambos sexos;II;Medicinas para el catarro, gripe, garganta, bronquios;Recetado;67,78
Ambos sexos;II;Medicinas para el catarro, gripe, garganta, bronquios;No recetado;32,22
Ambos sexos;II;Medicinas para el dolor;TOTAL;100,00
Ambos sexos;II;Medicinas para el dolor;Recetado;64,31
Ambos sexos;II;Medicinas para el dolor;No recetado;35,69
Ambos sexos;II;Medicinas para bajar la fiebre;TOTAL;100,00
Ambos sexos;II;Medicinas para bajar la fiebre;Recetado;85,23
Ambos sexos;II;Medicinas para bajar la fiebre;No recetado;14,77
Ambos sexos;II;Reconstituyentes (vitaminas, minerales, tónicos);TOTAL;100,00
Ambos sexos;II;Reconstituyentes (vitaminas, minerales, tónicos);Recetado;64,49
Ambos sexos;II;Reconstituyentes (vitaminas, minerales, tónicos);No recetado;35,51
Ambos sexos;II;Laxantes;TOTAL;100,00
Ambos sexos;II;Laxantes;Recetado;64,13
Ambos sexos;II;Laxantes;No recetado;35,87
Ambos sexos;II;Antibióticos;TOTAL;100,00
Ambos sexos;II;Antibióticos;Recetado;100,00
Ambos sexos;II;Antibióticos;No recetado;0,00
Ambos sexos;II;Tranquilizantes, relajantes, pastillas para dormir;TOTAL;100,00
Ambos sexos;II;Tranquilizantes, relajantes, pastillas para dormir;Recetado;95,41
Ambos sexos;II;Tranquilizantes, relajantes, pastillas para dormir;No recetado;4,59
Ambos sexos;II;Medicamentos para la alergia;TOTAL;100,00
Ambos sexos;II;Medicamentos para la alergia;Recetado;97,40
Ambos sexos;II;Medicamentos para la alergia;No recetado;2,60
Ambos sexos;II;Medicinas para el reuma;TOTAL;100,00
Ambos sexos;II;Medicinas para el reuma;Recetado;100,00
Ambos sexos;II;Medicinas para el reuma;No recetado;0,00
Ambos sexos;II;Medicinas para el corazón;TOTAL;100,00
Ambos sexos;II;Medicinas para el corazón;Recetado;100,00
Ambos sexos;II;Medicinas para el corazón;No recetado;0,00
Ambos sexos;II;Medicinas para la tensión arterial;TOTAL;100,00
Ambos sexos;II;Medicinas para la tensión arterial;Recetado;99,83
Ambos sexos;II;Medicinas para la tensión arterial;No recetado;0,17
Ambos sexos;II;Medicinas para el estómago y/o alteraciones digestivas;TOTAL;100,00
Ambos sexos;II;Medicinas para el estómago y/o alteraciones digestivas;Recetado;91,95
Ambos sexos;II;Medicinas para el estómago y/o alteraciones digestivas;No recetado;8,05
Ambos sexos;II;Antidepresivos, estimulantes;TOTAL;100,00
Ambos sexos;II;Antidepresivos, estimulantes;Recetado;100,00
Ambos sexos;II;Antidepresivos, estimulantes;No recetado;0,00
Ambos sexos;II;Píldoras para no quedar embarazada;TOTAL;0,00
Ambos sexos;II;Píldoras para no quedar embarazada;Recetado;0,00
Ambos sexos;II;Píldoras para no quedar embarazada;No recetado;0,00
Ambos sexos;II;Hormonas para la menopausia;TOTAL;0,00
Ambos sexos;II;Hormonas para la menopausia;Recetado;0,00
Ambos sexos;II;Hormonas para la menopausia;No recetado;0,00
Ambos sexos;II;Medicamentos para el colesterol;TOTAL;100,00
Ambos sexos;II;Medicamentos para el colesterol;Recetado;99,16
Ambos sexos;II;Medicamentos para el colesterol;No recetado;0,84
Ambos sexos;II;Medicamentos para la diabetes;TOTAL;100,00
Ambos sexos;II;Medicamentos para la diabetes;Recetado;100,00
Ambos sexos;II;Medicamentos para la diabetes;No recetado;0,00
Ambos sexos;II;Medicamentos para el tiroides;TOTAL;100,00
Ambos sexos;II;Medicamentos para el tiroides;Recetado;100,00
Ambos sexos;II;Medicamentos para el tiroides;No recetado;0,00
Ambos sexos;II;Otros medicamentos;TOTAL;100,00
Ambos sexos;II;Otros medicamentos;Recetado;92,89
Ambos sexos;II;Otros medicamentos;No recetado;7,11
Ambos sexos;III;Medicinas para el catarro, gripe, garganta, bronquios;TOTAL;100,00
Ambos sexos;III;Medicinas para el catarro, gripe, garganta, bronquios;Recetado;62,51
Ambos sexos;III;Medicinas para el catarro, gripe, garganta, bronquios;No recetado;37,49
Ambos sexos;III;Medicinas para el dolor;TOTAL;100,00
Ambos sexos;III;Medicinas para el dolor;Recetado;72,72
Ambos sexos;III;Medicinas para el dolor;No recetado;27,28
Ambos sexos;III;Medicinas para bajar la fiebre;TOTAL;100,00
Ambos sexos;III;Medicinas para bajar la fiebre;Recetado;70,93
Ambos sexos;III;Medicinas para bajar la fiebre;No recetado;29,07
Ambos sexos;III;Reconstituyentes (vitaminas, minerales, tónicos);TOTAL;100,00
Ambos sexos;III;Reconstituyentes (vitaminas, minerales, tónicos);Recetado;63,93
Ambos sexos;III;Reconstituyentes (vitaminas, minerales, tónicos);No recetado;36,07
Ambos sexos;III;Laxantes;TOTAL;100,00
Ambos sexos;III;Laxantes;Recetado;76,24
Ambos sexos;III;Laxantes;No recetado;23,76
Ambos sexos;III;Antibióticos;TOTAL;100,00
Ambos sexos;III;Antibióticos;Recetado;99,63
Ambos sexos;III;Antibióticos;No recetado;0,37
Ambos sexos;III;Tranquilizantes, relajantes, pastillas para dormir;TOTAL;100,00
Ambos sexos;III;Tranquilizantes, relajantes, pastillas para dormir;Recetado;96,91
Ambos sexos;III;Tranquilizantes, relajantes, pastillas para dormir;No recetado;3,09
Ambos sexos;III;Medicamentos para la alergia;TOTAL;100,00
Ambos sexos;III;Medicamentos para la alergia;Recetado;96,28
Ambos sexos;III;Medicamentos para la alergia;No recetado;3,72
Ambos sexos;III;Medicinas para el reuma;TOTAL;100,00
Ambos sexos;III;Medicinas para el reuma;Recetado;100,00
Ambos sexos;III;Medicinas para el reuma;No recetado;0,00
Ambos sexos;III;Medicinas para el corazón;TOTAL;100,00
Ambos sexos;III;Medicinas para el corazón;Recetado;100,00
Ambos sexos;III;Medicinas para el corazón;No recetado;0,00
Ambos sexos;III;Medicinas para la tensión arterial;TOTAL;100,00
Ambos sexos;III;Medicinas para la tensión arterial;Recetado;100,00
Ambos sexos;III;Medicinas para la tensión arterial;No recetado;0,00
Ambos sexos;III;Medicinas para el estómago y/o alteraciones digestivas;TOTAL;100,00
Ambos sexos;III;Medicinas para el estómago y/o alteraciones digestivas;Recetado;95,19
Ambos sexos;III;Medicinas para el estómago y/o alteraciones digestivas;No recetado;4,81
Ambos sexos;III;Antidepresivos, estimulantes;TOTAL;100,00
Ambos sexos;III;Antidepresivos, estimulantes;Recetado;99,09
Ambos sexos;III;Antidepresivos, estimulantes;No recetado;0,91
Ambos sexos;III;Píldoras para no quedar embarazada;TOTAL;0,00
Ambos sexos;III;Píldoras para no quedar embarazada;Recetado;0,00
Ambos sexos;III;Píldoras para no quedar embarazada;No recetado;0,00
Ambos sexos;III;Hormonas para la menopausia;TOTAL;0,00
Ambos sexos;III;Hormonas para la menopausia;Recetado;0,00
Ambos sexos;III;Hormonas para la menopausia;No recetado;0,00
Ambos sexos;III;Medicamentos para el colesterol;TOTAL;100,00
Ambos sexos;III;Medicamentos para el colesterol;Recetado;99,22
Ambos sexos;III;Medicamentos para el colesterol;No recetado;0,78
Ambos sexos;III;Medicamentos para la diabetes;TOTAL;100,00
Ambos sexos;III;Medicamentos para la diabetes;Recetado;99,56
Ambos sexos;III;Medicamentos para la diabetes;No recetado;0,44
Ambos sexos;III;Medicamentos para el tiroides;TOTAL;100,00
Ambos sexos;III;Medicamentos para el tiroides;Recetado;99,04
Ambos sexos;III;Medicamentos para el tiroides;No recetado;0,96
Ambos sexos;III;Otros medicamentos;TOTAL;100,00
Ambos sexos;III;Otros medicamentos;Recetado;95,52
Ambos sexos;III;Otros medicamentos;No recetado;4,48
Ambos sexos;IV;Medicinas para el catarro, gripe, garganta, bronquios;TOTAL;100,00
Ambos sexos;IV;Medicinas para el catarro, gripe, garganta, bronquios;Recetado;72,61
Ambos sexos;IV;Medicinas para el catarro, gripe, garganta, bronquios;No recetado;27,39
Ambos sexos;IV;Medicinas para el dolor;TOTAL;100,00
Ambos sexos;IV;Medicinas para el dolor;Recetado;80,54
Ambos sexos;IV;Medicinas para el dolor;No recetado;19,46
Ambos sexos;IV;Medicinas para bajar la fiebre;TOTAL;100,00
Ambos sexos;IV;Medicinas para bajar la fiebre;Recetado;82,20
Ambos sexos;IV;Medicinas para bajar la fiebre;No recetado;17,80
Ambos sexos;IV;Reconstituyentes (vitaminas, minerales, tónicos);TOTAL;100,00
Ambos sexos;IV;Reconstituyentes (vitaminas, minerales, tónicos);Recetado;70,83
Ambos sexos;IV;Reconstituyentes (vitaminas, minerales, tónicos);No recetado;29,17
Ambos sexos;IV;Laxantes;TOTAL;100,00
Ambos sexos;IV;Laxantes;Recetado;88,90
Ambos sexos;IV;Laxantes;No recetado;11,10
Ambos sexos;IV;Antibióticos;TOTAL;100,00
Ambos sexos;IV;Antibióticos;Recetado;96,37
Ambos sexos;IV;Antibióticos;No recetado;3,63
Ambos sexos;IV;Tranquilizantes, relajantes, pastillas para dormir;TOTAL;100,00
Ambos sexos;IV;Tranquilizantes, relajantes, pastillas para dormir;Recetado;98,32
Ambos sexos;IV;Tranquilizantes, relajantes, pastillas para dormir;No recetado;1,68
Ambos sexos;IV;Medicamentos para la alergia;TOTAL;100,00
Ambos sexos;IV;Medicamentos para la alergia;Recetado;99,33
Ambos sexos;IV;Medicamentos para la alergia;No recetado;0,67
Ambos sexos;IV;Medicinas para el reuma;TOTAL;100,00
Ambos sexos;IV;Medicinas para el reuma;Recetado;100,00
Ambos sexos;IV;Medicinas para el reuma;No recetado;0,00
Ambos sexos;IV;Medicinas para el corazón;TOTAL;100,00
Ambos sexos;IV;Medicinas para el corazón;Recetado;100,00
Ambos sexos;IV;Medicinas para el corazón;No recetado;0,00
Ambos sexos;IV;Medicinas para la tensión arterial;TOTAL;100,00
Ambos sexos;IV;Medicinas para la tensión arterial;Recetado;99,96
Ambos sexos;IV;Medicinas para la tensión arterial;No recetado;0,04
Ambos sexos;IV;Medicinas para el estómago y/o alteraciones digestivas;TOTAL;100,00
Ambos sexos;IV;Medicinas para el estómago y/o alteraciones digestivas;Recetado;98,20
Ambos sexos;IV;Medicinas para el estómago y/o alteraciones digestivas;No recetado;1,80
Ambos sexos;IV;Antidepresivos, estimulantes;TOTAL;100,00
Ambos sexos;IV;Antidepresivos, estimulantes;Recetado;99,42
Ambos sexos;IV;Antidepresivos, estimulantes;No recetado;0,58
Ambos sexos;IV;Píldoras para no quedar embarazada;TOTAL;0,00
Ambos sexos;IV;Píldoras para no quedar embarazada;Recetado;0,00
Ambos sexos;IV;Píldoras para no quedar embarazada;No recetado;0,00
Ambos sexos;IV;Hormonas para la menopausia;TOTAL;0,00
Ambos sexos;IV;Hormonas para la menopausia;Recetado;0,00
Ambos sexos;IV;Hormonas para la menopausia;No recetado;0,00
Ambos sexos;IV;Medicamentos para el colesterol;TOTAL;100,00
Ambos sexos;IV;Medicamentos para el colesterol;Recetado;98,63
Ambos sexos;IV;Medicamentos para el colesterol;No recetado;1,37
Ambos sexos;IV;Medicamentos para la diabetes;TOTAL;100,00
Ambos sexos;IV;Medicamentos para la diabetes;Recetado;100,00
Ambos sexos;IV;Medicamentos para la diabetes;No recetado;0,00
Ambos sexos;IV;Medicamentos para el tiroides;TOTAL;100,00
Ambos sexos;IV;Medicamentos para el tiroides;Recetado;100,00
Ambos sexos;IV;Medicamentos para el tiroides;No recetado;0,00
Ambos sexos;IV;Otros medicamentos;TOTAL;100,00
Ambos sexos;IV;Otros medicamentos;Recetado;97,02
Ambos sexos;IV;Otros medicamentos;No recetado;2,98
Ambos sexos;V;Medicinas para el catarro, gripe, garganta, bronquios;TOTAL;100,00
Ambos sexos;V;Medicinas para el catarro, gripe, garganta, bronquios;Recetado;78,61
Ambos sexos;V;Medicinas para el catarro, gripe, garganta, bronquios;No recetado;21,39
Ambos sexos;V;Medicinas para el dolor;TOTAL;100,00
Ambos sexos;V;Medicinas para el dolor;Recetado;81,43
Ambos sexos;V;Medicinas para el dolor;No recetado;18,57
Ambos sexos;V;Medicinas para bajar la fiebre;TOTAL;100,00
Ambos sexos;V;Medicinas para bajar la fiebre;Recetado;88,68
Ambos sexos;V;Medicinas para bajar la fiebre;No recetado;11,32
Ambos sexos;V;Reconstituyentes (vitaminas, minerales, tónicos);TOTAL;100,00
Ambos sexos;V;Reconstituyentes (vitaminas, minerales, tónicos);Recetado;73,71
Ambos sexos;V;Reconstituyentes (vitaminas, minerales, tónicos);No recetado;26,29
Ambos sexos;V;Laxantes;TOTAL;100,00
Ambos sexos;V;Laxantes;Recetado;81,15
Ambos sexos;V;Laxantes;No recetado;18,85
Ambos sexos;V;Antibióticos;TOTAL;100,00
Ambos sexos;V;Antibióticos;Recetado;96,45
Ambos sexos;V;Antibióticos;No recetado;3,55
Ambos sexos;V;Tranquilizantes, relajantes, pastillas para dormir;TOTAL;100,00
Ambos sexos;V;Tranquilizantes, relajantes, pastillas para dormir;Recetado;98,43
Ambos sexos;V;Tranquilizantes, relajantes, pastillas para dormir;No recetado;1,57
Ambos sexos;V;Medicamentos para la alergia;TOTAL;100,00
Ambos sexos;V;Medicamentos para la alergia;Recetado;97,70
Ambos sexos;V;Medicamentos para la alergia;No recetado;2,30
Ambos sexos;V;Medicinas para el reuma;TOTAL;100,00
Ambos sexos;V;Medicinas para el reuma;Recetado;100,00
Ambos sexos;V;Medicinas para el reuma;No recetado;0,00
Ambos sexos;V;Medicinas para el corazón;TOTAL;100,00
Ambos sexos;V;Medicinas para el corazón;Recetado;100,00
Ambos sexos;V;Medicinas para el corazón;No recetado;0,00
Ambos sexos;V;Medicinas para la tensión arterial;TOTAL;100,00
Ambos sexos;V;Medicinas para la tensión arterial;Recetado;100,00
Ambos sexos;V;Medicinas para la tensión arterial;No recetado;0,00
Ambos sexos;V;Medicinas para el estómago y/o alteraciones digestivas;TOTAL;100,00
Ambos sexos;V;Medicinas para el estómago y/o alteraciones digestivas;Recetado;99,42
Ambos sexos;V;Medicinas para el estómago y/o alteraciones digestivas;No recetado;0,58
Ambos sexos;V;Antidepresivos, estimulantes;TOTAL;100,00
Ambos sexos;V;Antidepresivos, estimulantes;Recetado;100,00
Ambos sexos;V;Antidepresivos, estimulantes;No recetado;0,00
Ambos sexos;V;Píldoras para no quedar embarazada;TOTAL;0,00
Ambos sexos;V;Píldoras para no quedar embarazada;Recetado;0,00
Ambos sexos;V;Píldoras para no quedar embarazada;No recetado;0,00
Ambos sexos;V;Hormonas para la menopausia;TOTAL;0,00
Ambos sexos;V;Hormonas para la menopausia;Recetado;0,00
Ambos sexos;V;Hormonas para la menopausia;No recetado;0,00
Ambos sexos;V;Medicamentos para el colesterol;TOTAL;100,00
Ambos sexos;V;Medicamentos para el colesterol;Recetado;99,96
Ambos sexos;V;Medicamentos para el colesterol;No recetado;0,04
Ambos sexos;V;Medicamentos para la diabetes;TOTAL;100,00
Ambos sexos;V;Medicamentos para la diabetes;Recetado;100,00
Ambos sexos;V;Medicamentos para la diabetes;No recetado;0,00
Ambos sexos;V;Medicamentos para el tiroides;TOTAL;100,00
Ambos sexos;V;Medicamentos para el tiroides;Recetado;99,12
Ambos sexos;V;Medicamentos para el tiroides;No recetado;0,88
Ambos sexos;V;Otros medicamentos;TOTAL;100,00
Ambos sexos;V;Otros medicamentos;Recetado;94,02
Ambos sexos;V;Otros medicamentos;No recetado;5,98
Ambos sexos;VI;Medicinas para el catarro, gripe, garganta, bronquios;TOTAL;100,00
Ambos sexos;VI;Medicinas para el catarro, gripe, garganta, bronquios;Recetado;79,17
Ambos sexos;VI;Medicinas para el catarro, gripe, garganta, bronquios;No recetado;20,83
Ambos sexos;VI;Medicinas para el dolor;TOTAL;100,00
Ambos sexos;VI;Medicinas para el dolor;Recetado;82,06
Ambos sexos;VI;Medicinas para el dolor;No recetado;17,94
Ambos sexos;VI;Medicinas para bajar la fiebre;TOTAL;100,00
Ambos sexos;VI;Medicinas para bajar la fiebre;Recetado;96,26
Ambos sexos;VI;Medicinas para bajar la fiebre;No recetado;3,74
Ambos sexos;VI;Reconstituyentes (vitaminas, minerales, tónicos);TOTAL;100,00
Ambos sexos;VI;Reconstituyentes (vitaminas, minerales, tónicos);Recetado;75,99
Ambos sexos;VI;Reconstituyentes (vitaminas, minerales, tónicos);No recetado;24,01
Ambos sexos;VI;Laxantes;TOTAL;100,00
Ambos sexos;VI;Laxantes;Recetado;83,82
Ambos sexos;VI;Laxantes;No recetado;16,18
Ambos sexos;VI;Antibióticos;TOTAL;100,00
Ambos sexos;VI;Antibióticos;Recetado;98,22
Ambos sexos;VI;Antibióticos;No recetado;1,78
Ambos sexos;VI;Tranquilizantes, relajantes, pastillas para dormir;TOTAL;100,00
Ambos sexos;VI;Tranquilizantes, relajantes, pastillas para dormir;Recetado;97,49
Ambos sexos;VI;Tranquilizantes, relajantes, pastillas para dormir;No recetado;2,51
Ambos sexos;VI;Medicamentos para la alergia;TOTAL;100,00
Ambos sexos;VI;Medicamentos para la alergia;Recetado;100,00
Ambos sexos;VI;Medicamentos para la alergia;No recetado;0,00
Ambos sexos;VI;Medicinas para el reuma;TOTAL;100,00
Ambos sexos;VI;Medicinas para el reuma;Recetado;100,00
Ambos sexos;VI;Medicinas para el reuma;No recetado;0,00
Ambos sexos;VI;Medicinas para el corazón;TOTAL;100,00
Ambos sexos;VI;Medicinas para el corazón;Recetado;100,00
Ambos sexos;VI;Medicinas para el corazón;No recetado;0,00
Ambos sexos;VI;Medicinas para la tensión arterial;TOTAL;100,00
Ambos sexos;VI;Medicinas para la tensión arterial;Recetado;99,79
Ambos sexos;VI;Medicinas para la tensión arterial;No recetado;0,21
Ambos sexos;VI;Medicinas para el estómago y/o alteraciones digestivas;TOTAL;100,00
Ambos sexos;VI;Medicinas para el estómago y/o alteraciones digestivas;Recetado;97,74
Ambos sexos;VI;Medicinas para el estómago y/o alteraciones digestivas;No recetado;2,26
Ambos sexos;VI;Antidepresivos, estimulantes;TOTAL;100,00
Ambos sexos;VI;Antidepresivos, estimulantes;Recetado;100,00
Ambos sexos;VI;Antidepresivos, estimulantes;No recetado;0,00
Ambos sexos;VI;Píldoras para no quedar embarazada;TOTAL;0,00
Ambos sexos;VI;Píldoras para no quedar embarazada;Recetado;0,00
Ambos sexos;VI;Píldoras para no quedar embarazada;No recetado;0,00
Ambos sexos;VI;Hormonas para la menopausia;TOTAL;0,00
Ambos sexos;VI;Hormonas para la menopausia;Recetado;0,00
Ambos sexos;VI;Hormonas para la menopausia;No recetado;0,00
Ambos sexos;VI;Medicamentos para el colesterol;TOTAL;100,00
Ambos sexos;VI;Medicamentos para el colesterol;Recetado;100,00
Ambos sexos;VI;Medicamentos para el colesterol;No recetado;0,00
Ambos sexos;VI;Medicamentos para la diabetes;TOTAL;100,00
Ambos sexos;VI;Medicamentos para la diabetes;Recetado;100,00
Ambos sexos;VI;Medicamentos para la diabetes;No recetado;0,00
Ambos sexos;VI;Medicamentos para el tiroides;TOTAL;100,00
Ambos sexos;VI;Medicamentos para el tiroides;Recetado;100,00
Ambos sexos;VI;Medicamentos para el tiroides;No recetado;0,00
Ambos sexos;VI;Otros medicamentos;TOTAL;100,00
Ambos sexos;VI;Otros medicamentos;Recetado;94,29
Ambos sexos;VI;Otros medicamentos;No recetado;5,71
Ambos sexos;No consta;Medicinas para el catarro, gripe, garganta, bronquios;TOTAL;100,00
Ambos sexos;No consta;Medicinas para el catarro, gripe, garganta, bronquios;Recetado;85,36
Ambos sexos;No consta;Medicinas para el catarro, gripe, garganta, bronquios;No recetado;14,64
Ambos sexos;No consta;Medicinas para el dolor;TOTAL;100,00
Ambos sexos;No consta;Medicinas para el dolor;Recetado;88,37
Ambos sexos;No consta;Medicinas para el dolor;No recetado;11,63
Ambos sexos;No consta;Medicinas para bajar la fiebre;TOTAL;100,00
Ambos sexos;No consta;Medicinas para bajar la fiebre;Recetado;100,00
Ambos sexos;No consta;Medicinas para bajar la fiebre;No recetado;0,00
Ambos sexos;No consta;Reconstituyentes (vitaminas, minerales, tónicos);TOTAL;100,00
Ambos sexos;No consta;Reconstituyentes (vitaminas, minerales, tónicos);Recetado;62,48
Ambos sexos;No consta;Reconstituyentes (vitaminas, minerales, tónicos);No recetado;37,52
Ambos sexos;No consta;Laxantes;TOTAL;100,00
Ambos sexos;No consta;Laxantes;Recetado;80,49
Ambos sexos;No consta;Laxantes;No recetado;19,51
Ambos sexos;No consta;Antibióticos;TOTAL;100,00
Ambos sexos;No consta;Antibióticos;Recetado;100,00
Ambos sexos;No consta;Antibióticos;No recetado;0,00
Ambos sexos;No consta;Tranquilizantes, relajantes, pastillas para dormir;TOTAL;100,00
Ambos sexos;No consta;Tranquilizantes, relajantes, pastillas para dormir;Recetado;98,00
Ambos sexos;No consta;Tranquilizantes, relajantes, pastillas para dormir;No recetado;2,00
Ambos sexos;No consta;Medicamentos para la alergia;TOTAL;100,00
Ambos sexos;No consta;Medicamentos para la alergia;Recetado;100,00
Ambos sexos;No consta;Medicamentos para la alergia;No recetado;0,00
Ambos sexos;No consta;Medicinas para el reuma;TOTAL;100,00
Ambos sexos;No consta;Medicinas para el reuma;Recetado;100,00
Ambos sexos;No consta;Medicinas para el reuma;No recetado;0,00
Ambos sexos;No consta;Medicinas para el corazón;TOTAL;100,00
Ambos sexos;No consta;Medicinas para el corazón;Recetado;100,00
Ambos sexos;No consta;Medicinas para el corazón;No recetado;0,00
Ambos sexos;No consta;Medicinas para la tensión arterial;TOTAL;100,00
Ambos sexos;No consta;Medicinas para la tensión arterial;Recetado;100,00
Ambos sexos;No consta;Medicinas para la tensión arterial;No recetado;0,00
Ambos sexos;No consta;Medicinas para el estómago y/o alteraciones digestivas;TOTAL;100,00
Ambos sexos;No consta;Medicinas para el estómago y/o alteraciones digestivas;Recetado;100,00
Ambos sexos;No consta;Medicinas para el estómago y/o alteraciones digestivas;No recetado;0,00
Ambos sexos;No consta;Antidepresivos, estimulantes;TOTAL;100,00
Ambos sexos;No consta;Antidepresivos, estimulantes;Recetado;100,00
Ambos sexos;No consta;Antidepresivos, estimulantes;No recetado;0,00
Ambos sexos;No consta;Píldoras para no quedar embarazada;TOTAL;0,00
Ambos sexos;No consta;Píldoras para no quedar embarazada;Recetado;0,00
Ambos sexos;No consta;Píldoras para no quedar embarazada;No recetado;0,00
Ambos sexos;No consta;Hormonas para la menopausia;TOTAL;0,00
Ambos sexos;No consta;Hormonas para la menopausia;Recetado;0,00
Ambos sexos;No consta;Hormonas para la menopausia;No recetado;0,00
Ambos sexos;No consta;Medicamentos para el colesterol;TOTAL;100,00
Ambos sexos;No consta;Medicamentos para el colesterol;Recetado;99,92
Ambos sexos;No consta;Medicamentos para el colesterol;No recetado;0,08
Ambos sexos;No consta;Medicamentos para la diabetes;TOTAL;100,00
Ambos sexos;No consta;Medicamentos para la diabetes;Recetado;100,00
Ambos sexos;No consta;Medicamentos para la diabetes;No recetado;0,00
Ambos sexos;No consta;Medicamentos para el tiroides;TOTAL;100,00
Ambos sexos;No consta;Medicamentos para el tiroides;Recetado;100,00
Ambos sexos;No consta;Medicamentos para el tiroides;No recetado;0,00
Ambos sexos;No consta;Otros medicamentos;TOTAL;100,00
Ambos sexos;No consta;Otros medicamentos;Recetado;93,85
Ambos sexos;No consta;Otros medicamentos;No recetado;6,15
Hombres;TOTAL;Medicinas para el catarro, gripe, garganta, bronquios;TOTAL;100,00
Hombres;TOTAL;Medicinas para el catarro, gripe, garganta, bronquios;Recetado;72,59
Hombres;TOTAL;Medicinas para el catarro, gripe, garganta, bronquios;No recetado;27,41
Hombres;TOTAL;Medicinas para el dolor;TOTAL;100,00
Hombres;TOTAL;Medicinas para el dolor;Recetado;73,76
Hombres;TOTAL;Medicinas para el dolor;No recetado;26,24
Hombres;TOTAL;Medicinas para bajar la fiebre;TOTAL;100,00
Hombres;TOTAL;Medicinas para bajar la fiebre;Recetado;84,67
Hombres;TOTAL;Medicinas para bajar la fiebre;No recetado;15,33
Hombres;TOTAL;Reconstituyentes (vitaminas, minerales, tónicos);TOTAL;100,00
Hombres;TOTAL;Reconstituyentes (vitaminas, minerales, tónicos);Recetado;51,58
Hombres;TOTAL;Reconstituyentes (vitaminas, minerales, tónicos);No recetado;48,42
Hombres;TOTAL;Laxantes;TOTAL;100,00
Hombres;TOTAL;Laxantes;Recetado;89,01
Hombres;TOTAL;Laxantes;No recetado;10,99
Hombres;TOTAL;Antibióticos;TOTAL;100,00
Hombres;TOTAL;Antibióticos;Recetado;97,48
Hombres;TOTAL;Antibióticos;No recetado;2,52
Hombres;TOTAL;Tranquilizantes, relajantes, pastillas para dormir;TOTAL;100,00
Hombres;TOTAL;Tranquilizantes, relajantes, pastillas para dormir;Recetado;95,93
Hombres;TOTAL;Tranquilizantes, relajantes, pastillas para dormir;No recetado;4,07
Hombres;TOTAL;Medicamentos para la alergia;TOTAL;100,00
Hombres;TOTAL;Medicamentos para la alergia;Recetado;97,85
Hombres;TOTAL;Medicamentos para la alergia;No recetado;2,15
Hombres;TOTAL;Medicinas para el reuma;TOTAL;100,00
Hombres;TOTAL;Medicinas para el reuma;Recetado;100,00
Hombres;TOTAL;Medicinas para el reuma;No recetado;0,00
Hombres;TOTAL;Medicinas para el corazón;TOTAL;100,00
Hombres;TOTAL;Medicinas para el corazón;Recetado;100,00
Hombres;TOTAL;Medicinas para el corazón;No recetado;0,00
Hombres;TOTAL;Medicinas para la tensión arterial;TOTAL;100,00
Hombres;TOTAL;Medicinas para la tensión arterial;Recetado;99,96
Hombres;TOTAL;Medicinas para la tensión arterial;No recetado;0,04
Hombres;TOTAL;Medicinas para el estómago y/o alteraciones digestivas;TOTAL;100,00
Hombres;TOTAL;Medicinas para el estómago y/o alteraciones digestivas;Recetado;95,76
Hombres;TOTAL;Medicinas para el estómago y/o alteraciones digestivas;No recetado;4,24
Hombres;TOTAL;Antidepresivos, estimulantes;TOTAL;100,00
Hombres;TOTAL;Antidepresivos, estimulantes;Recetado;100,00
Hombres;TOTAL;Antidepresivos, estimulantes;No recetado;0,00
Hombres;TOTAL;Píldoras para no quedar embarazada;TOTAL;0,00
Hombres;TOTAL;Píldoras para no quedar embarazada;Recetado;0,00
Hombres;TOTAL;Píldoras para no quedar embarazada;No recetado;0,00
Hombres;TOTAL;Hormonas para la menopausia;TOTAL;0,00
Hombres;TOTAL;Hormonas para la menopausia;Recetado;0,00
Hombres;TOTAL;Hormonas para la menopausia;No recetado;0,00
Hombres;TOTAL;Medicamentos para el colesterol;TOTAL;100,00
Hombres;TOTAL;Medicamentos para el colesterol;Recetado;99,59
Hombres;TOTAL;Medicamentos para el colesterol;No recetado;0,41
Hombres;TOTAL;Medicamentos para la diabetes;TOTAL;100,00
Hombres;TOTAL;Medicamentos para la diabetes;Recetado;99,87
Hombres;TOTAL;Medicamentos para la diabetes;No recetado;0,13
Hombres;TOTAL;Medicamentos para el tiroides;TOTAL;100,00
Hombres;TOTAL;Medicamentos para el tiroides;Recetado;100,00
Hombres;TOTAL;Medicamentos para el tiroides;No recetado;0,00
Hombres;TOTAL;Otros medicamentos;TOTAL;100,00
Hombres;TOTAL;Otros medicamentos;Recetado;94,84
Hombres;TOTAL;Otros medicamentos;No recetado;5,16
Hombres;I;Medicinas para el catarro, gripe, garganta, bronquios;TOTAL;100,00
Hombres;I;Medicinas para el catarro, gripe, garganta, bronquios;Recetado;67,47
Hombres;I;Medicinas para el catarro, gripe, garganta, bronquios;No recetado;32,53
Hombres;I;Medicinas para el dolor;TOTAL;100,00
Hombres;I;Medicinas para el dolor;Recetado;55,64
Hombres;I;Medicinas para el dolor;No recetado;44,36
Hombres;I;Medicinas para bajar la fiebre;TOTAL;100,00
Hombres;I;Medicinas para bajar la fiebre;Recetado;71,71
Hombres;I;Medicinas para bajar la fiebre;No recetado;28,29
Hombres;I;Reconstituyentes (vitaminas, minerales, tónicos);TOTAL;100,00
Hombres;I;Reconstituyentes (vitaminas, minerales, tónicos);Recetado;37,24
Hombres;I;Reconstituyentes (vitaminas, minerales, tónicos);No recetado;62,76
Hombres;I;Laxantes;TOTAL;100,00
Hombres;I;Laxantes;Recetado;100,00
Hombres;I;Laxantes;No recetado;0,00
Hombres;I;Antibióticos;TOTAL;100,00
Hombres;I;Antibióticos;Recetado;100,00
Hombres;I;Antibióticos;No recetado;0,00
Hombres;I;Tranquilizantes, relajantes, pastillas para dormir;TOTAL;100,00
Hombres;I;Tranquilizantes, relajantes, pastillas para dormir;Recetado;92,77
Hombres;I;Tranquilizantes, relajantes, pastillas para dormir;No recetado;7,23
Hombres;I;Medicamentos para la alergia;TOTAL;100,00
Hombres;I;Medicamentos para la alergia;Recetado;100,00
Hombres;I;Medicamentos para la alergia;No recetado;0,00
Hombres;I;Medicinas para el reuma;TOTAL;100,00
Hombres;I;Medicinas para el reuma;Recetado;100,00
Hombres;I;Medicinas para el reuma;No recetado;0,00
Hombres;I;Medicinas para el corazón;TOTAL;100,00
Hombres;I;Medicinas para el corazón;Recetado;100,00
Hombres;I;Medicinas para el corazón;No recetado;0,00
Hombres;I;Medicinas para la tensión arterial;TOTAL;100,00
Hombres;I;Medicinas para la tensión arterial;Recetado;99,68
Hombres;I;Medicinas para la tensión arterial;No recetado;0,32
Hombres;I;Medicinas para el estómago y/o alteraciones digestivas;TOTAL;100,00
Hombres;I;Medicinas para el estómago y/o alteraciones digestivas;Recetado;90,41
Hombres;I;Medicinas para el estómago y/o alteraciones digestivas;No recetado;9,59
Hombres;I;Antidepresivos, estimulantes;TOTAL;100,00
Hombres;I;Antidepresivos, estimulantes;Recetado;100,00
Hombres;I;Antidepresivos, estimulantes;No recetado;0,00
Hombres;I;Píldoras para no quedar embarazada;TOTAL;0,00
Hombres;I;Píldoras para no quedar embarazada;Recetado;0,00
Hombres;I;Píldoras para no quedar embarazada;No recetado;0,00
Hombres;I;Hormonas para la menopausia;TOTAL;0,00
Hombres;I;Hormonas para la menopausia;Recetado;0,00
Hombres;I;Hormonas para la menopausia;No recetado;0,00
Hombres;I;Medicamentos para el colesterol;TOTAL;100,00
Hombres;I;Medicamentos para el colesterol;Recetado;99,72
Hombres;I;Medicamentos para el colesterol;No recetado;0,28
Hombres;I;Medicamentos para la diabetes;TOTAL;100,00
Hombres;I;Medicamentos para la diabetes;Recetado;100,00
Hombres;I;Medicamentos para la diabetes;No recetado;0,00
Hombres;I;Medicamentos para el tiroides;TOTAL;100,00
Hombres;I;Medicamentos para el tiroides;Recetado;100,00
Hombres;I;Medicamentos para el tiroides;No recetado;0,00
Hombres;I;Otros medicamentos;TOTAL;100,00
Hombres;I;Otros medicamentos;Recetado;91,63
Hombres;I;Otros medicamentos;No recetado;8,37
Hombres;II;Medicinas para el catarro, gripe, garganta, bronquios;TOTAL;100,00
Hombres;II;Medicinas para el catarro, gripe, garganta, bronquios;Recetado;63,73
Hombres;II;Medicinas para el catarro, gripe, garganta, bronquios;No recetado;36,27
Hombres;II;Medicinas para el dolor;TOTAL;100,00
Hombres;II;Medicinas para el dolor;Recetado;61,36
Hombres;II;Medicinas para el dolor;No recetado;38,64
Hombres;II;Medicinas para bajar la fiebre;TOTAL;100,00
Hombres;II;Medicinas para bajar la fiebre;Recetado;63,73
Hombres;II;Medicinas para bajar la fiebre;No recetado;36,27
Hombres;II;Reconstituyentes (vitaminas, minerales, tónicos);TOTAL;100,00
Hombres;II;Reconstituyentes (vitaminas, minerales, tónicos);Recetado;42,96
Hombres;II;Reconstituyentes (vitaminas, minerales, tónicos);No recetado;57,04
Hombres;II;Laxantes;TOTAL;100,00
Hombres;II;Laxantes;Recetado;92,74
Hombres;II;Laxantes;No recetado;7,26
Hombres;II;Antibióticos;TOTAL;100,00
Hombres;II;Antibióticos;Recetado;100,00
Hombres;II;Antibióticos;No recetado;0,00
Hombres;II;Tranquilizantes, relajantes, pastillas para dormir;TOTAL;100,00
Hombres;II;Tranquilizantes, relajantes, pastillas para dormir;Recetado;91,31
Hombres;II;Tranquilizantes, relajantes, pastillas para dormir;No recetado;8,69
Hombres;II;Medicamentos para la alergia;TOTAL;100,00
Hombres;II;Medicamentos para la alergia;Recetado;93,54
Hombres;II;Medicamentos para la alergia;No recetado;6,46
Hombres;II;Medicinas para el reuma;TOTAL;100,00
Hombres;II;Medicinas para el reuma;Recetado;100,00
Hombres;II;Medicinas para el reuma;No recetado;0,00
Hombres;II;Medicinas para el corazón;TOTAL;100,00
Hombres;II;Medicinas para el corazón;Recetado;100,00
Hombres;II;Medicinas para el corazón;No recetado;0,00
Hombres;II;Medicinas para la tensión arterial;TOTAL;100,00
Hombres;II;Medicinas para la tensión arterial;Recetado;100,00
Hombres;II;Medicinas para la tensión arterial;No recetado;0,00
Hombres;II;Medicinas para el estómago y/o alteraciones digestivas;TOTAL;100,00
Hombres;II;Medicinas para el estómago y/o alteraciones digestivas;Recetado;87,53
Hombres;II;Medicinas para el estómago y/o alteraciones digestivas;No recetado;12,47
Hombres;II;Antidepresivos, estimulantes;TOTAL;100,00
Hombres;II;Antidepresivos, estimulantes;Recetado;100,00
Hombres;II;Antidepresivos, estimulantes;No recetado;0,00
Hombres;II;Píldoras para no quedar embarazada;TOTAL;0,00
Hombres;II;Píldoras para no quedar embarazada;Recetado;0,00
Hombres;II;Píldoras para no quedar embarazada;No recetado;0,00
Hombres;II;Hormonas para la menopausia;TOTAL;0,00
Hombres;II;Hormonas para la menopausia;Recetado;0,00
Hombres;II;Hormonas para la menopausia;No recetado;0,00
Hombres;II;Medicamentos para el colesterol;TOTAL;100,00
Hombres;II;Medicamentos para el colesterol;Recetado;100,00
Hombres;II;Medicamentos para el colesterol;No recetado;0,00
Hombres;II;Medicamentos para la diabetes;TOTAL;100,00
Hombres;II;Medicamentos para la diabetes;Recetado;100,00
Hombres;II;Medicamentos para la diabetes;No recetado;0,00
Hombres;II;Medicamentos para el tiroides;TOTAL;100,00
Hombres;II;Medicamentos para el tiroides;Recetado;100,00
Hombres;II;Medicamentos para el tiroides;No recetado;0,00
Hombres;II;Otros medicamentos;TOTAL;100,00
Hombres;II;Otros medicamentos;Recetado;95,99
Hombres;II;Otros medicamentos;No recetado;4,01
Hombres;III;Medicinas para el catarro, gripe, garganta, bronquios;TOTAL;100,00
Hombres;III;Medicinas para el catarro, gripe, garganta, bronquios;Recetado;67,31
Hombres;III;Medicinas para el catarro, gripe, garganta, bronquios;No recetado;32,69
Hombres;III;Medicinas para el dolor;TOTAL;100,00
Hombres;III;Medicinas para el dolor;Recetado;70,89
Hombres;III;Medicinas para el dolor;No recetado;29,11
Hombres;III;Medicinas para bajar la fiebre;TOTAL;100,00
Hombres;III;Medicinas para bajar la fiebre;Recetado;91,08
Hombres;III;Medicinas para bajar la fiebre;No recetado;8,92
Hombres;III;Reconstituyentes (vitaminas, minerales, tónicos);TOTAL;100,00
Hombres;III;Reconstituyentes (vitaminas, minerales, tónicos);Recetado;48,82
Hombres;III;Reconstituyentes (vitaminas, minerales, tónicos);No recetado;51,18
Hombres;III;Laxantes;TOTAL;100,00
Hombres;III;Laxantes;Recetado;79,93
Hombres;III;Laxantes;No recetado;20,07
Hombres;III;Antibióticos;TOTAL;100,00
Hombres;III;Antibióticos;Recetado;99,17
Hombres;III;Antibióticos;No recetado;0,83
Hombres;III;Tranquilizantes, relajantes, pastillas para dormir;TOTAL;100,00
Hombres;III;Tranquilizantes, relajantes, pastillas para dormir;Recetado;95,90
Hombres;III;Tranquilizantes, relajantes, pastillas para dormir;No recetado;4,10
Hombres;III;Medicamentos para la alergia;TOTAL;100,00
Hombres;III;Medicamentos para la alergia;Recetado;96,74
Hombres;III;Medicamentos para la alergia;No recetado;3,26
Hombres;III;Medicinas para el reuma;TOTAL;100,00
Hombres;III;Medicinas para el reuma;Recetado;100,00
Hombres;III;Medicinas para el reuma;No recetado;0,00
Hombres;III;Medicinas para el corazón;TOTAL;100,00
Hombres;III;Medicinas para el corazón;Recetado;100,00
Hombres;III;Medicinas para el corazón;No recetado;0,00
Hombres;III;Medicinas para la tensión arterial;TOTAL;100,00
Hombres;III;Medicinas para la tensión arterial;Recetado;100,00
Hombres;III;Medicinas para la tensión arterial;No recetado;0,00
Hombres;III;Medicinas para el estómago y/o alteraciones digestivas;TOTAL;100,00
Hombres;III;Medicinas para el estómago y/o alteraciones digestivas;Recetado;93,04
Hombres;III;Medicinas para el estómago y/o alteraciones digestivas;No recetado;6,96
Hombres;III;Antidepresivos, estimulantes;TOTAL;100,00
Hombres;III;Antidepresivos, estimulantes;Recetado;100,00
Hombres;III;Antidepresivos, estimulantes;No recetado;0,00
Hombres;III;Píldoras para no quedar embarazada;TOTAL;0,00
Hombres;III;Píldoras para no quedar embarazada;Recetado;0,00
Hombres;III;Píldoras para no quedar embarazada;No recetado;0,00
Hombres;III;Hormonas para la menopausia;TOTAL;0,00
Hombres;III;Hormonas para la menopausia;Recetado;0,00
Hombres;III;Hormonas para la menopausia;No recetado;0,00
Hombres;III;Medicamentos para el colesterol;TOTAL;100,00
Hombres;III;Medicamentos para el colesterol;Recetado;99,14
Hombres;III;Medicamentos para el colesterol;No recetado;0,86
Hombres;III;Medicamentos para la diabetes;TOTAL;100,00
Hombres;III;Medicamentos para la diabetes;Recetado;99,15
Hombres;III;Medicamentos para la diabetes;No recetado;0,85
Hombres;III;Medicamentos para el tiroides;TOTAL;100,00
Hombres;III;Medicamentos para el tiroides;Recetado;100,00
Hombres;III;Medicamentos para el tiroides;No recetado;0,00
Hombres;III;Otros medicamentos;TOTAL;100,00
Hombres;III;Otros medicamentos;Recetado;96,92
Hombres;III;Otros medicamentos;No recetado;3,08
Hombres;IV;Medicinas para el catarro, gripe, garganta, bronquios;TOTAL;100,00
Hombres;IV;Medicinas para el catarro, gripe, garganta, bronquios;Recetado;68,98
Hombres;IV;Medicinas para el catarro, gripe, garganta, bronquios;No recetado;31,02
Hombres;IV;Medicinas para el dolor;TOTAL;100,00
Hombres;IV;Medicinas para el dolor;Recetado;76,13
Hombres;IV;Medicinas para el dolor;No recetado;23,87
Hombres;IV;Medicinas para bajar la fiebre;TOTAL;100,00
Hombres;IV;Medicinas para bajar la fiebre;Recetado;83,44
Hombres;IV;Medicinas para bajar la fiebre;No recetado;16,56
Hombres;IV;Reconstituyentes (vitaminas, minerales, tónicos);TOTAL;100,00
Hombres;IV;Reconstituyentes (vitaminas, minerales, tónicos);Recetado;57,48
Hombres;IV;Reconstituyentes (vitaminas, minerales, tónicos);No recetado;42,52
Hombres;IV;Laxantes;TOTAL;100,00
Hombres;IV;Laxantes;Recetado;97,72
Hombres;IV;Laxantes;No recetado;2,28
Hombres;IV;Antibióticos;TOTAL;100,00
Hombres;IV;Antibióticos;Recetado;93,50
Hombres;IV;Antibióticos;No recetado;6,50
Hombres;IV;Tranquilizantes, relajantes, pastillas para dormir;TOTAL;100,00
Hombres;IV;Tranquilizantes, relajantes, pastillas para dormir;Recetado;97,07
Hombres;IV;Tranquilizantes, relajantes, pastillas para dormir;No recetado;2,93
Hombres;IV;Medicamentos para la alergia;TOTAL;100,00
Hombres;IV;Medicamentos para la alergia;Recetado;100,00
Hombres;IV;Medicamentos para la alergia;No recetado;0,00
Hombres;IV;Medicinas para el reuma;TOTAL;100,00
Hombres;IV;Medicinas para el reuma;Recetado;100,00
Hombres;IV;Medicinas para el reuma;No recetado;0,00
Hombres;IV;Medicinas para el corazón;TOTAL;100,00
Hombres;IV;Medicinas para el corazón;Recetado;100,00
Hombres;IV;Medicinas para el corazón;No recetado;0,00
Hombres;IV;Medicinas para la tensión arterial;TOTAL;100,00
Hombres;IV;Medicinas para la tensión arterial;Recetado;99,92
Hombres;IV;Medicinas para la tensión arterial;No recetado;0,08
Hombres;IV;Medicinas para el estómago y/o alteraciones digestivas;TOTAL;100,00
Hombres;IV;Medicinas para el estómago y/o alteraciones digestivas;Recetado;96,63
Hombres;IV;Medicinas para el estómago y/o alteraciones digestivas;No recetado;3,37
Hombres;IV;Antidepresivos, estimulantes;TOTAL;100,00
Hombres;IV;Antidepresivos, estimulantes;Recetado;100,00
Hombres;IV;Antidepresivos, estimulantes;No recetado;0,00
Hombres;IV;Píldoras para no quedar embarazada;TOTAL;0,00
Hombres;IV;Píldoras para no quedar embarazada;Recetado;0,00
Hombres;IV;Píldoras para no quedar embarazada;No recetado;0,00
Hombres;IV;Hormonas para la menopausia;TOTAL;0,00
Hombres;IV;Hormonas para la menopausia;Recetado;0,00
Hombres;IV;Hormonas para la menopausia;No recetado;0,00
Hombres;IV;Medicamentos para el colesterol;TOTAL;100,00
Hombres;IV;Medicamentos para el colesterol;Recetado;98,75
Hombres;IV;Medicamentos para el colesterol;No recetado;1,25
Hombres;IV;Medicamentos para la diabetes;TOTAL;100,00
Hombres;IV;Medicamentos para la diabetes;Recetado;100,00
Hombres;IV;Medicamentos para la diabetes;No recetado;0,00
Hombres;IV;Medicamentos para el tiroides;TOTAL;100,00
Hombres;IV;Medicamentos para el tiroides;Recetado;100,00
Hombres;IV;Medicamentos para el tiroides;No recetado;0,00
Hombres;IV;Otros medicamentos;TOTAL;100,00
Hombres;IV;Otros medicamentos;Recetado;97,04
Hombres;IV;Otros medicamentos;No recetado;2,96
Hombres;V;Medicinas para el catarro, gripe, garganta, bronquios;TOTAL;100,00
Hombres;V;Medicinas para el catarro, gripe, garganta, bronquios;Recetado;79,16
Hombres;V;Medicinas para el catarro, gripe, garganta, bronquios;No recetado;20,84
Hombres;V;Medicinas para el dolor;TOTAL;100,00
Hombres;V;Medicinas para el dolor;Recetado;79,52
Hombres;V;Medicinas para el dolor;No recetado;20,48
Hombres;V;Medicinas para bajar la fiebre;TOTAL;100,00
Hombres;V;Medicinas para bajar la fiebre;Recetado;88,51
Hombres;V;Medicinas para bajar la fiebre;No recetado;11,49
Hombres;V;Reconstituyentes (vitaminas, minerales, tónicos);TOTAL;100,00
Hombres;V;Reconstituyentes (vitaminas, minerales, tónicos);Recetado;60,38
Hombres;V;Reconstituyentes (vitaminas, minerales, tónicos);No recetado;39,62
Hombres;V;Laxantes;TOTAL;100,00
Hombres;V;Laxantes;Recetado;83,11
Hombres;V;Laxantes;No recetado;16,89
Hombres;V;Antibióticos;TOTAL;100,00
Hombres;V;Antibióticos;Recetado;96,55
Hombres;V;Antibióticos;No recetado;3,45
Hombres;V;Tranquilizantes, relajantes, pastillas para dormir;TOTAL;100,00
Hombres;V;Tranquilizantes, relajantes, pastillas para dormir;Recetado;97,41
Hombres;V;Tranquilizantes, relajantes, pastillas para dormir;No recetado;2,59
Hombres;V;Medicamentos para la alergia;TOTAL;100,00
Hombres;V;Medicamentos para la alergia;Recetado;96,57
Hombres;V;Medicamentos para la alergia;No recetado;3,43
Hombres;V;Medicinas para el reuma;TOTAL;100,00
Hombres;V;Medicinas para el reuma;Recetado;100,00
Hombres;V;Medicinas para el reuma;No recetado;0,00
Hombres;V;Medicinas para el corazón;TOTAL;100,00
Hombres;V;Medicinas para el corazón;Recetado;100,00
Hombres;V;Medicinas para el corazón;No recetado;0,00
Hombres;V;Medicinas para la tensión arterial;TOTAL;100,00
Hombres;V;Medicinas para la tensión arterial;Recetado;100,00
Hombres;V;Medicinas para la tensión arterial;No recetado;0,00
Hombres;V;Medicinas para el estómago y/o alteraciones digestivas;TOTAL;100,00
Hombres;V;Medicinas para el estómago y/o alteraciones digestivas;Recetado;98,80
Hombres;V;Medicinas para el estómago y/o alteraciones digestivas;No recetado;1,20
Hombres;V;Antidepresivos, estimulantes;TOTAL;100,00
Hombres;V;Antidepresivos, estimulantes;Recetado;100,00
Hombres;V;Antidepresivos, estimulantes;No recetado;0,00
Hombres;V;Píldoras para no quedar embarazada;TOTAL;0,00
Hombres;V;Píldoras para no quedar embarazada;Recetado;0,00
Hombres;V;Píldoras para no quedar embarazada;No recetado;0,00
Hombres;V;Hormonas para la menopausia;TOTAL;0,00
Hombres;V;Hormonas para la menopausia;Recetado;0,00
Hombres;V;Hormonas para la menopausia;No recetado;0,00
Hombres;V;Medicamentos para el colesterol;TOTAL;100,00
Hombres;V;Medicamentos para el colesterol;Recetado;100,00
Hombres;V;Medicamentos para el colesterol;No recetado;0,00
Hombres;V;Medicamentos para la diabetes;TOTAL;100,00
Hombres;V;Medicamentos para la diabetes;Recetado;100,00
Hombres;V;Medicamentos para la diabetes;No recetado;0,00
Hombres;V;Medicamentos para el tiroides;TOTAL;100,00
Hombres;V;Medicamentos para el tiroides;Recetado;100,00
Hombres;V;Medicamentos para el tiroides;No recetado;0,00
Hombres;V;Otros medicamentos;TOTAL;100,00
Hombres;V;Otros medicamentos;Recetado;93,60
Hombres;V;Otros medicamentos;No recetado;6,40
Hombres;VI;Medicinas para el catarro, gripe, garganta, bronquios;TOTAL;100,00
Hombres;VI;Medicinas para el catarro, gripe, garganta, bronquios;Recetado;73,56
Hombres;VI;Medicinas para el catarro, gripe, garganta, bronquios;No recetado;26,44
Hombres;VI;Medicinas para el dolor;TOTAL;100,00
Hombres;VI;Medicinas para el dolor;Recetado;74,97
Hombres;VI;Medicinas para el dolor;No recetado;25,03
Hombres;VI;Medicinas para bajar la fiebre;TOTAL;100,00
Hombres;VI;Medicinas para bajar la fiebre;Recetado;86,02
Hombres;VI;Medicinas para bajar la fiebre;No recetado;13,98
Hombres;VI;Reconstituyentes (vitaminas, minerales, tónicos);TOTAL;100,00
Hombres;VI;Reconstituyentes (vitaminas, minerales, tónicos);Recetado;67,14
Hombres;VI;Reconstituyentes (vitaminas, minerales, tónicos);No recetado;32,86
Hombres;VI;Laxantes;TOTAL;100,00
Hombres;VI;Laxantes;Recetado;100,00
Hombres;VI;Laxantes;No recetado;0,00
Hombres;VI;Antibióticos;TOTAL;100,00
Hombres;VI;Antibióticos;Recetado;100,00
Hombres;VI;Antibióticos;No recetado;0,00
Hombres;VI;Tranquilizantes, relajantes, pastillas para dormir;TOTAL;100,00
Hombres;VI;Tranquilizantes, relajantes, pastillas para dormir;Recetado;94,82
Hombres;VI;Tranquilizantes, relajantes, pastillas para dormir;No recetado;5,18
Hombres;VI;Medicamentos para la alergia;TOTAL;100,00
Hombres;VI;Medicamentos para la alergia;Recetado;100,00
Hombres;VI;Medicamentos para la alergia;No recetado;0,00
Hombres;VI;Medicinas para el reuma;TOTAL;100,00
Hombres;VI;Medicinas para el reuma;Recetado;100,00
Hombres;VI;Medicinas para el reuma;No recetado;0,00
Hombres;VI;Medicinas para el corazón;TOTAL;100,00
Hombres;VI;Medicinas para el corazón;Recetado;100,00
Hombres;VI;Medicinas para el corazón;No recetado;0,00
Hombres;VI;Medicinas para la tensión arterial;TOTAL;100,00
Hombres;VI;Medicinas para la tensión arterial;Recetado;100,00
Hombres;VI;Medicinas para la tensión arterial;No recetado;0,00
Hombres;VI;Medicinas para el estómago y/o alteraciones digestivas;TOTAL;100,00
Hombres;VI;Medicinas para el estómago y/o alteraciones digestivas;Recetado;97,02
Hombres;VI;Medicinas para el estómago y/o alteraciones digestivas;No recetado;2,98
Hombres;VI;Antidepresivos, estimulantes;TOTAL;100,00
Hombres;VI;Antidepresivos, estimulantes;Recetado;100,00
Hombres;VI;Antidepresivos, estimulantes;No recetado;0,00
Hombres;VI;Píldoras para no quedar embarazada;TOTAL;0,00
Hombres;VI;Píldoras para no quedar embarazada;Recetado;0,00
Hombres;VI;Píldoras para no quedar embarazada;No recetado;0,00
Hombres;VI;Hormonas para la menopausia;TOTAL;0,00
Hombres;VI;Hormonas para la menopausia;Recetado;0,00
Hombres;VI;Hormonas para la menopausia;No recetado;0,00
Hombres;VI;Medicamentos para el colesterol;TOTAL;100,00
Hombres;VI;Medicamentos para el colesterol;Recetado;100,00
Hombres;VI;Medicamentos para el colesterol;No recetado;0,00
Hombres;VI;Medicamentos para la diabetes;TOTAL;100,00
Hombres;VI;Medicamentos para la diabetes;Recetado;100,00
Hombres;VI;Medicamentos para la diabetes;No recetado;0,00
Hombres;VI;Medicamentos para el tiroides;TOTAL;100,00
Hombres;VI;Medicamentos para el tiroides;Recetado;100,00
Hombres;VI;Medicamentos para el tiroides;No recetado;0,00
Hombres;VI;Otros medicamentos;TOTAL;100,00
Hombres;VI;Otros medicamentos;Recetado;95,14
Hombres;VI;Otros medicamentos;No recetado;4,86
Hombres;No consta;Medicinas para el catarro, gripe, garganta, bronquios;TOTAL;100,00
Hombres;No consta;Medicinas para el catarro, gripe, garganta, bronquios;Recetado;82,49
Hombres;No consta;Medicinas para el catarro, gripe, garganta, bronquios;No recetado;17,51
Hombres;No consta;Medicinas para el dolor;TOTAL;100,00
Hombres;No consta;Medicinas para el dolor;Recetado;87,40
Hombres;No consta;Medicinas para el dolor;No recetado;12,60
Hombres;No consta;Medicinas para bajar la fiebre;TOTAL;100,00
Hombres;No consta;Medicinas para bajar la fiebre;Recetado;100,00
Hombres;No consta;Medicinas para bajar la fiebre;No recetado;0,00
Hombres;No consta;Reconstituyentes (vitaminas, minerales, tónicos);TOTAL;100,00
Hombres;No consta;Reconstituyentes (vitaminas, minerales, tónicos);Recetado;48,69
Hombres;No consta;Reconstituyentes (vitaminas, minerales, tónicos);No recetado;51,31
Hombres;No consta;Laxantes;TOTAL;0,00
Hombres;No consta;Laxantes;Recetado;0,00
Hombres;No consta;Laxantes;No recetado;0,00
Hombres;No consta;Antibióticos;TOTAL;100,00
Hombres;No consta;Antibióticos;Recetado;100,00
Hombres;No consta;Antibióticos;No recetado;0,00
Hombres;No consta;Tranquilizantes, relajantes, pastillas para dormir;TOTAL;100,00
Hombres;No consta;Tranquilizantes, relajantes, pastillas para dormir;Recetado;100,00
Hombres;No consta;Tranquilizantes, relajantes, pastillas para dormir;No recetado;0,00
Hombres;No consta;Medicamentos para la alergia;TOTAL;100,00
Hombres;No consta;Medicamentos para la alergia;Recetado;100,00
Hombres;No consta;Medicamentos para la alergia;No recetado;0,00
Hombres;No consta;Medicinas para el reuma;TOTAL;100,00
Hombres;No consta;Medicinas para el reuma;Recetado;100,00
Hombres;No consta;Medicinas para el reuma;No recetado;0,00
Hombres;No consta;Medicinas para el corazón;TOTAL;100,00
Hombres;No consta;Medicinas para el corazón;Recetado;100,00
Hombres;No consta;Medicinas para el corazón;No recetado;0,00
Hombres;No consta;Medicinas para la tensión arterial;TOTAL;100,00
Hombres;No consta;Medicinas para la tensión arterial;Recetado;100,00
Hombres;No consta;Medicinas para la tensión arterial;No recetado;0,00
Hombres;No consta;Medicinas para el estómago y/o alteraciones digestivas;TOTAL;100,00
Hombres;No consta;Medicinas para el estómago y/o alteraciones digestivas;Recetado;100,00
Hombres;No consta;Medicinas para el estómago y/o alteraciones digestivas;No recetado;0,00
Hombres;No consta;Antidepresivos, estimulantes;TOTAL;100,00
Hombres;No consta;Antidepresivos, estimulantes;Recetado;100,00
Hombres;No consta;Antidepresivos, estimulantes;No recetado;0,00
Hombres;No consta;Píldoras para no quedar embarazada;TOTAL;0,00
Hombres;No consta;Píldoras para no quedar embarazada;Recetado;0,00
Hombres;No consta;Píldoras para no quedar embarazada;No recetado;0,00
Hombres;No consta;Hormonas para la menopausia;TOTAL;0,00
Hombres;No consta;Hormonas para la menopausia;Recetado;0,00
Hombres;No consta;Hormonas para la menopausia;No recetado;0,00
Hombres;No consta;Medicamentos para el colesterol;TOTAL;100,00
Hombres;No consta;Medicamentos para el colesterol;Recetado;100,00
Hombres;No consta;Medicamentos para el colesterol;No recetado;0,00
Hombres;No consta;Medicamentos para la diabetes;TOTAL;100,00
Hombres;No consta;Medicamentos para la diabetes;Recetado;100,00
Hombres;No consta;Medicamentos para la diabetes;No recetado;0,00
Hombres;No consta;Medicamentos para el tiroides;TOTAL;100,00
Hombres;No consta;Medicamentos para el tiroides;Recetado;100,00
Hombres;No consta;Medicamentos para el tiroides;No recetado;0,00
Hombres;No consta;Otros medicamentos;TOTAL;100,00
Hombres;No consta;Otros medicamentos;Recetado;88,55
Hombres;No consta;Otros medicamentos;No recetado;11,45
Mujeres;TOTAL;Medicinas para el catarro, gripe, garganta, bronquios;TOTAL;100,00
Mujeres;TOTAL;Medicinas para el catarro, gripe, garganta, bronquios;Recetado;73,92
Mujeres;TOTAL;Medicinas para el catarro, gripe, garganta, bronquios;No recetado;26,08
Mujeres;TOTAL;Medicinas para el dolor;TOTAL;100,00
Mujeres;TOTAL;Medicinas para el dolor;Recetado;79,10
Mujeres;TOTAL;Medicinas para el dolor;No recetado;20,90
Mujeres;TOTAL;Medicinas para bajar la fiebre;TOTAL;100,00
Mujeres;TOTAL;Medicinas para bajar la fiebre;Recetado;84,30
Mujeres;TOTAL;Medicinas para bajar la fiebre;No recetado;15,70
Mujeres;TOTAL;Reconstituyentes (vitaminas, minerales, tónicos);TOTAL;100,00
Mujeres;TOTAL;Reconstituyentes (vitaminas, minerales, tónicos);Recetado;73,08
Mujeres;TOTAL;Reconstituyentes (vitaminas, minerales, tónicos);No recetado;26,92
Mujeres;TOTAL;Laxantes;TOTAL;100,00
Mujeres;TOTAL;Laxantes;Recetado;75,72
Mujeres;TOTAL;Laxantes;No recetado;24,28
Mujeres;TOTAL;Antibióticos;TOTAL;100,00
Mujeres;TOTAL;Antibióticos;Recetado;98,15
Mujeres;TOTAL;Antibióticos;No recetado;1,85
Mujeres;TOTAL;Tranquilizantes, relajantes, pastillas para dormir;TOTAL;100,00
Mujeres;TOTAL;Tranquilizantes, relajantes, pastillas para dormir;Recetado;97,67
Mujeres;TOTAL;Tranquilizantes, relajantes, pastillas para dormir;No recetado;2,33
Mujeres;TOTAL;Medicamentos para la alergia;TOTAL;100,00
Mujeres;TOTAL;Medicamentos para la alergia;Recetado;97,73
Mujeres;TOTAL;Medicamentos para la alergia;No recetado;2,27
Mujeres;TOTAL;Medicinas para el reuma;TOTAL;100,00
Mujeres;TOTAL;Medicinas para el reuma;Recetado;99,83
Mujeres;TOTAL;Medicinas para el reuma;No recetado;0,17
Mujeres;TOTAL;Medicinas para el corazón;TOTAL;100,00
Mujeres;TOTAL;Medicinas para el corazón;Recetado;100,00
Mujeres;TOTAL;Medicinas para el corazón;No recetado;0,00
Mujeres;TOTAL;Medicinas para la tensión arterial;TOTAL;100,00
Mujeres;TOTAL;Medicinas para la tensión arterial;Recetado;99,92
Mujeres;TOTAL;Medicinas para la tensión arterial;No recetado;0,08
Mujeres;TOTAL;Medicinas para el estómago y/o alteraciones digestivas;TOTAL;100,00
Mujeres;TOTAL;Medicinas para el estómago y/o alteraciones digestivas;Recetado;98,37
Mujeres;TOTAL;Medicinas para el estómago y/o alteraciones digestivas;No recetado;1,63
Mujeres;TOTAL;Antidepresivos, estimulantes;TOTAL;100,00
Mujeres;TOTAL;Antidepresivos, estimulantes;Recetado;99,65
Mujeres;TOTAL;Antidepresivos, estimulantes;No recetado;0,35
Mujeres;TOTAL;Píldoras para no quedar embarazada;TOTAL;100,00
Mujeres;TOTAL;Píldoras para no quedar embarazada;Recetado;95,38
Mujeres;TOTAL;Píldoras para no quedar embarazada;No recetado;4,62
Mujeres;TOTAL;Hormonas para la menopausia;TOTAL;100,00
Mujeres;TOTAL;Hormonas para la menopausia;Recetado;97,94
Mujeres;TOTAL;Hormonas para la menopausia;No recetado;2,06
Mujeres;TOTAL;Medicamentos para el colesterol;TOTAL;100,00
Mujeres;TOTAL;Medicamentos para el colesterol;Recetado;99,53
Mujeres;TOTAL;Medicamentos para el colesterol;No recetado;0,47
Mujeres;TOTAL;Medicamentos para la diabetes;TOTAL;100,00
Mujeres;TOTAL;Medicamentos para la diabetes;Recetado;100,00
Mujeres;TOTAL;Medicamentos para la diabetes;No recetado;0,00
Mujeres;TOTAL;Medicamentos para el tiroides;TOTAL;100,00
Mujeres;TOTAL;Medicamentos para el tiroides;Recetado;99,50
Mujeres;TOTAL;Medicamentos para el tiroides;No recetado;0,50
Mujeres;TOTAL;Otros medicamentos;TOTAL;100,00
Mujeres;TOTAL;Otros medicamentos;Recetado;94,17
Mujeres;TOTAL;Otros medicamentos;No recetado;5,83
Mujeres;I;Medicinas para el catarro, gripe, garganta, bronquios;TOTAL;100,00
Mujeres;I;Medicinas para el catarro, gripe, garganta, bronquios;Recetado;66,66
Mujeres;I;Medicinas para el catarro, gripe, garganta, bronquios;No recetado;33,34
Mujeres;I;Medicinas para el dolor;TOTAL;100,00
Mujeres;I;Medicinas para el dolor;Recetado;62,70
Mujeres;I;Medicinas para el dolor;No recetado;37,30
Mujeres;I;Medicinas para bajar la fiebre;TOTAL;100,00
Mujeres;I;Medicinas para bajar la fiebre;Recetado;81,17
Mujeres;I;Medicinas para bajar la fiebre;No recetado;18,83
Mujeres;I;Reconstituyentes (vitaminas, minerales, tónicos);TOTAL;100,00
Mujeres;I;Reconstituyentes (vitaminas, minerales, tónicos);Recetado;61,67
Mujeres;I;Reconstituyentes (vitaminas, minerales, tónicos);No recetado;38,33
Mujeres;I;Laxantes;TOTAL;100,00
Mujeres;I;Laxantes;Recetado;65,43
Mujeres;I;Laxantes;No recetado;34,57
Mujeres;I;Antibióticos;TOTAL;100,00
Mujeres;I;Antibióticos;Recetado;100,00
Mujeres;I;Antibióticos;No recetado;0,00
Mujeres;I;Tranquilizantes, relajantes, pastillas para dormir;TOTAL;100,00
Mujeres;I;Tranquilizantes, relajantes, pastillas para dormir;Recetado;86,83
Mujeres;I;Tranquilizantes, relajantes, pastillas para dormir;No recetado;13,17
Mujeres;I;Medicamentos para la alergia;TOTAL;100,00
Mujeres;I;Medicamentos para la alergia;Recetado;89,35
Mujeres;I;Medicamentos para la alergia;No recetado;10,65
Mujeres;I;Medicinas para el reuma;TOTAL;100,00
Mujeres;I;Medicinas para el reuma;Recetado;97,90
Mujeres;I;Medicinas para el reuma;No recetado;2,10
Mujeres;I;Medicinas para el corazón;TOTAL;100,00
Mujeres;I;Medicinas para el corazón;Recetado;100,00
Mujeres;I;Medicinas para el corazón;No recetado;0,00
Mujeres;I;Medicinas para la tensión arterial;TOTAL;100,00
Mujeres;I;Medicinas para la tensión arterial;Recetado;100,00
Mujeres;I;Medicinas para la tensión arterial;No recetado;0,00
Mujeres;I;Medicinas para el estómago y/o alteraciones digestivas;TOTAL;100,00
Mujeres;I;Medicinas para el estómago y/o alteraciones digestivas;Recetado;92,36
Mujeres;I;Medicinas para el estómago y/o alteraciones digestivas;No recetado;7,64
Mujeres;I;Antidepresivos, estimulantes;TOTAL;100,00
Mujeres;I;Antidepresivos, estimulantes;Recetado;100,00
Mujeres;I;Antidepresivos, estimulantes;No recetado;0,00
Mujeres;I;Píldoras para no quedar embarazada;TOTAL;100,00
Mujeres;I;Píldoras para no quedar embarazada;Recetado;92,25
Mujeres;I;Píldoras para no quedar embarazada;No recetado;7,75
Mujeres;I;Hormonas para la menopausia;TOTAL;100,00
Mujeres;I;Hormonas para la menopausia;Recetado;90,24
Mujeres;I;Hormonas para la menopausia;No recetado;9,76
Mujeres;I;Medicamentos para el colesterol;TOTAL;100,00
Mujeres;I;Medicamentos para el colesterol;Recetado;100,00
Mujeres;I;Medicamentos para el colesterol;No recetado;0,00
Mujeres;I;Medicamentos para la diabetes;TOTAL;100,00
Mujeres;I;Medicamentos para la diabetes;Recetado;100,00
Mujeres;I;Medicamentos para la diabetes;No recetado;0,00
Mujeres;I;Medicamentos para el tiroides;TOTAL;100,00
Mujeres;I;Medicamentos para el tiroides;Recetado;100,00
Mujeres;I;Medicamentos para el tiroides;No recetado;0,00
Mujeres;I;Otros medicamentos;TOTAL;100,00
Mujeres;I;Otros medicamentos;Recetado;92,89
Mujeres;I;Otros medicamentos;No recetado;7,11
Mujeres;II;Medicinas para el catarro, gripe, garganta, bronquios;TOTAL;100,00
Mujeres;II;Medicinas para el catarro, gripe, garganta, bronquios;Recetado;70,41
Mujeres;II;Medicinas para el catarro, gripe, garganta, bronquios;No recetado;29,59
Mujeres;II;Medicinas para el dolor;TOTAL;100,00
Mujeres;II;Medicinas para el dolor;Recetado;65,91
Mujeres;II;Medicinas para el dolor;No recetado;34,09
Mujeres;II;Medicinas para bajar la fiebre;TOTAL;100,00
Mujeres;II;Medicinas para bajar la fiebre;Recetado;94,13
Mujeres;II;Medicinas para bajar la fiebre;No recetado;5,87
Mujeres;II;Reconstituyentes (vitaminas, minerales, tónicos);TOTAL;100,00
Mujeres;II;Reconstituyentes (vitaminas, minerales, tónicos);Recetado;74,02
Mujeres;II;Reconstituyentes (vitaminas, minerales, tónicos);No recetado;25,98
Mujeres;II;Laxantes;TOTAL;100,00
Mujeres;II;Laxantes;Recetado;51,93
Mujeres;II;Laxantes;No recetado;48,07
Mujeres;II;Antibióticos;TOTAL;100,00
Mujeres;II;Antibióticos;Recetado;100,00
Mujeres;II;Antibióticos;No recetado;0,00
Mujeres;II;Tranquilizantes, relajantes, pastillas para dormir;TOTAL;100,00
Mujeres;II;Tranquilizantes, relajantes, pastillas para dormir;Recetado;97,50
Mujeres;II;Tranquilizantes, relajantes, pastillas para dormir;No recetado;2,50
Mujeres;II;Medicamentos para la alergia;TOTAL;100,00
Mujeres;II;Medicamentos para la alergia;Recetado;100,00
Mujeres;II;Medicamentos para la alergia;No recetado;0,00
Mujeres;II;Medicinas para el reuma;TOTAL;100,00
Mujeres;II;Medicinas para el reuma;Recetado;100,00
Mujeres;II;Medicinas para el reuma;No recetado;0,00
Mujeres;II;Medicinas para el corazón;TOTAL;100,00
Mujeres;II;Medicinas para el corazón;Recetado;100,00
Mujeres;II;Medicinas para el corazón;No recetado;0,00
Mujeres;II;Medicinas para la tensión arterial;TOTAL;100,00
Mujeres;II;Medicinas para la tensión arterial;Recetado;99,67
Mujeres;II;Medicinas para la tensión arterial;No recetado;0,33
Mujeres;II;Medicinas para el estómago y/o alteraciones digestivas;TOTAL;100,00
Mujeres;II;Medicinas para el estómago y/o alteraciones digestivas;Recetado;95,73
Mujeres;II;Medicinas para el estómago y/o alteraciones digestivas;No recetado;4,27
Mujeres;II;Antidepresivos, estimulantes;TOTAL;100,00
Mujeres;II;Antidepresivos, estimulantes;Recetado;100,00
Mujeres;II;Antidepresivos, estimulantes;No recetado;0,00
Mujeres;II;Píldoras para no quedar embarazada;TOTAL;100,00
Mujeres;II;Píldoras para no quedar embarazada;Recetado;100,00
Mujeres;II;Píldoras para no quedar embarazada;No recetado;0,00
Mujeres;II;Hormonas para la menopausia;TOTAL;100,00
Mujeres;II;Hormonas para la menopausia;Recetado;100,00
Mujeres;II;Hormonas para la menopausia;No recetado;0,00
Mujeres;II;Medicamentos para el colesterol;TOTAL;100,00
Mujeres;II;Medicamentos para el colesterol;Recetado;98,57
Mujeres;II;Medicamentos para el colesterol;No recetado;1,43
Mujeres;II;Medicamentos para la diabetes;TOTAL;100,00
Mujeres;II;Medicamentos para la diabetes;Recetado;100,00
Mujeres;II;Medicamentos para la diabetes;No recetado;0,00
Mujeres;II;Medicamentos para el tiroides;TOTAL;100,00
Mujeres;II;Medicamentos para el tiroides;Recetado;100,00
Mujeres;II;Medicamentos para el tiroides;No recetado;0,00
Mujeres;II;Otros medicamentos;TOTAL;100,00
Mujeres;II;Otros medicamentos;Recetado;90,00
Mujeres;II;Otros medicamentos;No recetado;10,00
Mujeres;III;Medicinas para el catarro, gripe, garganta, bronquios;TOTAL;100,00
Mujeres;III;Medicinas para el catarro, gripe, garganta, bronquios;Recetado;59,32
Mujeres;III;Medicinas para el catarro, gripe, garganta, bronquios;No recetado;40,68
Mujeres;III;Medicinas para el dolor;TOTAL;100,00
Mujeres;III;Medicinas para el dolor;Recetado;73,62
Mujeres;III;Medicinas para el dolor;No recetado;26,38
Mujeres;III;Medicinas para bajar la fiebre;TOTAL;100,00
Mujeres;III;Medicinas para bajar la fiebre;Recetado;63,49
Mujeres;III;Medicinas para bajar la fiebre;No recetado;36,51
Mujeres;III;Reconstituyentes (vitaminas, minerales, tónicos);TOTAL;100,00
Mujeres;III;Reconstituyentes (vitaminas, minerales, tónicos);Recetado;69,88
Mujeres;III;Reconstituyentes (vitaminas, minerales, tónicos);No recetado;30,12
Mujeres;III;Laxantes;TOTAL;100,00
Mujeres;III;Laxantes;Recetado;74,05
Mujeres;III;Laxantes;No recetado;25,95
Mujeres;III;Antibióticos;TOTAL;100,00
Mujeres;III;Antibióticos;Recetado;100,00
Mujeres;III;Antibióticos;No recetado;0,00
Mujeres;III;Tranquilizantes, relajantes, pastillas para dormir;TOTAL;100,00
Mujeres;III;Tranquilizantes, relajantes, pastillas para dormir;Recetado;97,32
Mujeres;III;Tranquilizantes, relajantes, pastillas para dormir;No recetado;2,68
Mujeres;III;Medicamentos para la alergia;TOTAL;100,00
Mujeres;III;Medicamentos para la alergia;Recetado;96,04
Mujeres;III;Medicamentos para la alergia;No recetado;3,96
Mujeres;III;Medicinas para el reuma;TOTAL;100,00
Mujeres;III;Medicinas para el reuma;Recetado;100,00
Mujeres;III;Medicinas para el reuma;No recetado;0,00
Mujeres;III;Medicinas para el corazón;TOTAL;100,00
Mujeres;III;Medicinas para el corazón;Recetado;100,00
Mujeres;III;Medicinas para el corazón;No recetado;0,00
Mujeres;III;Medicinas para la tensión arterial;TOTAL;100,00
Mujeres;III;Medicinas para la tensión arterial;Recetado;100,00
Mujeres;III;Medicinas para la tensión arterial;No recetado;0,00
Mujeres;III;Medicinas para el estómago y/o alteraciones digestivas;TOTAL;100,00
Mujeres;III;Medicinas para el estómago y/o alteraciones digestivas;Recetado;96,91
Mujeres;III;Medicinas para el estómago y/o alteraciones digestivas;No recetado;3,09
Mujeres;III;Antidepresivos, estimulantes;TOTAL;100,00
Mujeres;III;Antidepresivos, estimulantes;Recetado;98,80
Mujeres;III;Antidepresivos, estimulantes;No recetado;1,20
Mujeres;III;Píldoras para no quedar embarazada;TOTAL;100,00
Mujeres;III;Píldoras para no quedar embarazada;Recetado;93,71
Mujeres;III;Píldoras para no quedar embarazada;No recetado;6,29
Mujeres;III;Hormonas para la menopausia;TOTAL;100,00
Mujeres;III;Hormonas para la menopausia;Recetado;100,00
Mujeres;III;Hormonas para la menopausia;No recetado;0,00
Mujeres;III;Medicamentos para el colesterol;TOTAL;100,00
Mujeres;III;Medicamentos para el colesterol;Recetado;99,29
Mujeres;III;Medicamentos para el colesterol;No recetado;0,71
Mujeres;III;Medicamentos para la diabetes;TOTAL;100,00
Mujeres;III;Medicamentos para la diabetes;Recetado;100,00
Mujeres;III;Medicamentos para la diabetes;No recetado;0,00
Mujeres;III;Medicamentos para el tiroides;TOTAL;100,00
Mujeres;III;Medicamentos para el tiroides;Recetado;98,90
Mujeres;III;Medicamentos para el tiroides;No recetado;1,10
Mujeres;III;Otros medicamentos;TOTAL;100,00
Mujeres;III;Otros medicamentos;Recetado;94,14
Mujeres;III;Otros medicamentos;No recetado;5,86
Mujeres;IV;Medicinas para el catarro, gripe, garganta, bronquios;TOTAL;100,00
Mujeres;IV;Medicinas para el catarro, gripe, garganta, bronquios;Recetado;76,91
Mujeres;IV;Medicinas para el catarro, gripe, garganta, bronquios;No recetado;23,09
Mujeres;IV;Medicinas para el dolor;TOTAL;100,00
Mujeres;IV;Medicinas para el dolor;Recetado;83,72
Mujeres;IV;Medicinas para el dolor;No recetado;16,28
Mujeres;IV;Medicinas para bajar la fiebre;TOTAL;100,00
Mujeres;IV;Medicinas para bajar la fiebre;Recetado;80,67
Mujeres;IV;Medicinas para bajar la fiebre;No recetado;19,33
Mujeres;IV;Reconstituyentes (vitaminas, minerales, tónicos);TOTAL;100,00
Mujeres;IV;Reconstituyentes (vitaminas, minerales, tónicos);Recetado;75,62
Mujeres;IV;Reconstituyentes (vitaminas, minerales, tónicos);No recetado;24,38
Mujeres;IV;Laxantes;TOTAL;100,00
Mujeres;IV;Laxantes;Recetado;84,07
Mujeres;IV;Laxantes;No recetado;15,93
Mujeres;IV;Antibióticos;TOTAL;100,00
Mujeres;IV;Antibióticos;Recetado;98,73
Mujeres;IV;Antibióticos;No recetado;1,27
Mujeres;IV;Tranquilizantes, relajantes, pastillas para dormir;TOTAL;100,00
Mujeres;IV;Tranquilizantes, relajantes, pastillas para dormir;Recetado;99,00
Mujeres;IV;Tranquilizantes, relajantes, pastillas para dormir;No recetado;1,00
Mujeres;IV;Medicamentos para la alergia;TOTAL;100,00
Mujeres;IV;Medicamentos para la alergia;Recetado;98,87
Mujeres;IV;Medicamentos para la alergia;No recetado;1,13
Mujeres;IV;Medicinas para el reuma;TOTAL;100,00
Mujeres;IV;Medicinas para el reuma;Recetado;100,00
Mujeres;IV;Medicinas para el reuma;No recetado;0,00
Mujeres;IV;Medicinas para el corazón;TOTAL;100,00
Mujeres;IV;Medicinas para el corazón;Recetado;100,00
Mujeres;IV;Medicinas para el corazón;No recetado;0,00
Mujeres;IV;Medicinas para la tensión arterial;TOTAL;100,00
Mujeres;IV;Medicinas para la tensión arterial;Recetado;100,00
Mujeres;IV;Medicinas para la tensión arterial;No recetado;0,00
Mujeres;IV;Medicinas para el estómago y/o alteraciones digestivas;TOTAL;100,00
Mujeres;IV;Medicinas para el estómago y/o alteraciones digestivas;Recetado;99,80
Mujeres;IV;Medicinas para el estómago y/o alteraciones digestivas;No recetado;0,20
Mujeres;IV;Antidepresivos, estimulantes;TOTAL;100,00
Mujeres;IV;Antidepresivos, estimulantes;Recetado;99,19
Mujeres;IV;Antidepresivos, estimulantes;No recetado;0,81
Mujeres;IV;Píldoras para no quedar embarazada;TOTAL;100,00
Mujeres;IV;Píldoras para no quedar embarazada;Recetado;100,00
Mujeres;IV;Píldoras para no quedar embarazada;No recetado;0,00
Mujeres;IV;Hormonas para la menopausia;TOTAL;100,00
Mujeres;IV;Hormonas para la menopausia;Recetado;100,00
Mujeres;IV;Hormonas para la menopausia;No recetado;0,00
Mujeres;IV;Medicamentos para el colesterol;TOTAL;100,00
Mujeres;IV;Medicamentos para el colesterol;Recetado;98,48
Mujeres;IV;Medicamentos para el colesterol;No recetado;1,52
Mujeres;IV;Medicamentos para la diabetes;TOTAL;100,00
Mujeres;IV;Medicamentos para la diabetes;Recetado;100,00
Mujeres;IV;Medicamentos para la diabetes;No recetado;0,00
Mujeres;IV;Medicamentos para el tiroides;TOTAL;100,00
Mujeres;IV;Medicamentos para el tiroides;Recetado;100,00
Mujeres;IV;Medicamentos para el tiroides;No recetado;0,00
Mujeres;IV;Otros medicamentos;TOTAL;100,00
Mujeres;IV;Otros medicamentos;Recetado;96,99
Mujeres;IV;Otros medicamentos;No recetado;3,01
Mujeres;V;Medicinas para el catarro, gripe, garganta, bronquios;TOTAL;100,00
Mujeres;V;Medicinas para el catarro, gripe, garganta, bronquios;Recetado;78,15
Mujeres;V;Medicinas para el catarro, gripe, garganta, bronquios;No recetado;21,85
Mujeres;V;Medicinas para el dolor;TOTAL;100,00
Mujeres;V;Medicinas para el dolor;Recetado;82,64
Mujeres;V;Medicinas para el dolor;No recetado;17,36
Mujeres;V;Medicinas para bajar la fiebre;TOTAL;100,00
Mujeres;V;Medicinas para bajar la fiebre;Recetado;88,82
Mujeres;V;Medicinas para bajar la fiebre;No recetado;11,18
Mujeres;V;Reconstituyentes (vitaminas, minerales, tónicos);TOTAL;100,00
Mujeres;V;Reconstituyentes (vitaminas, minerales, tónicos);Recetado;78,62
Mujeres;V;Reconstituyentes (vitaminas, minerales, tónicos);No recetado;21,38
Mujeres;V;Laxantes;TOTAL;100,00
Mujeres;V;Laxantes;Recetado;80,13
Mujeres;V;Laxantes;No recetado;19,87
Mujeres;V;Antibióticos;TOTAL;100,00
Mujeres;V;Antibióticos;Recetado;96,39
Mujeres;V;Antibióticos;No recetado;3,61
Mujeres;V;Tranquilizantes, relajantes, pastillas para dormir;TOTAL;100,00
Mujeres;V;Tranquilizantes, relajantes, pastillas para dormir;Recetado;98,95
Mujeres;V;Tranquilizantes, relajantes, pastillas para dormir;No recetado;1,05
Mujeres;V;Medicamentos para la alergia;TOTAL;100,00
Mujeres;V;Medicamentos para la alergia;Recetado;98,42
Mujeres;V;Medicamentos para la alergia;No recetado;1,58
Mujeres;V;Medicinas para el reuma;TOTAL;100,00
Mujeres;V;Medicinas para el reuma;Recetado;100,00
Mujeres;V;Medicinas para el reuma;No recetado;0,00
Mujeres;V;Medicinas para el corazón;TOTAL;100,00
Mujeres;V;Medicinas para el corazón;Recetado;100,00
Mujeres;V;Medicinas para el corazón;No recetado;0,00
Mujeres;V;Medicinas para la tensión arterial;TOTAL;100,00
Mujeres;V;Medicinas para la tensión arterial;Recetado;100,00
Mujeres;V;Medicinas para la tensión arterial;No recetado;0,00
Mujeres;V;Medicinas para el estómago y/o alteraciones digestivas;TOTAL;100,00
Mujeres;V;Medicinas para el estómago y/o alteraciones digestivas;Recetado;99,91
Mujeres;V;Medicinas para el estómago y/o alteraciones digestivas;No recetado;0,09
Mujeres;V;Antidepresivos, estimulantes;TOTAL;100,00
Mujeres;V;Antidepresivos, estimulantes;Recetado;100,00
Mujeres;V;Antidepresivos, estimulantes;No recetado;0,00
Mujeres;V;Píldoras para no quedar embarazada;TOTAL;100,00
Mujeres;V;Píldoras para no quedar embarazada;Recetado;96,53
Mujeres;V;Píldoras para no quedar embarazada;No recetado;3,47
Mujeres;V;Hormonas para la menopausia;TOTAL;100,00
Mujeres;V;Hormonas para la menopausia;Recetado;100,00
Mujeres;V;Hormonas para la menopausia;No recetado;0,00
Mujeres;V;Medicamentos para el colesterol;TOTAL;100,00
Mujeres;V;Medicamentos para el colesterol;Recetado;99,92
Mujeres;V;Medicamentos para el colesterol;No recetado;0,08
Mujeres;V;Medicamentos para la diabetes;TOTAL;100,00
Mujeres;V;Medicamentos para la diabetes;Recetado;100,00
Mujeres;V;Medicamentos para la diabetes;No recetado;0,00
Mujeres;V;Medicamentos para el tiroides;TOTAL;100,00
Mujeres;V;Medicamentos para el tiroides;Recetado;98,95
Mujeres;V;Medicamentos para el tiroides;No recetado;1,05
Mujeres;V;Otros medicamentos;TOTAL;100,00
Mujeres;V;Otros medicamentos;Recetado;94,43
Mujeres;V;Otros medicamentos;No recetado;5,57
Mujeres;VI;Medicinas para el catarro, gripe, garganta, bronquios;TOTAL;100,00
Mujeres;VI;Medicinas para el catarro, gripe, garganta, bronquios;Recetado;83,16
Mujeres;VI;Medicinas para el catarro, gripe, garganta, bronquios;No recetado;16,84
Mujeres;VI;Medicinas para el dolor;TOTAL;100,00
Mujeres;VI;Medicinas para el dolor;Recetado;85,77
Mujeres;VI;Medicinas para el dolor;No recetado;14,23
Mujeres;VI;Medicinas para bajar la fiebre;TOTAL;100,00
Mujeres;VI;Medicinas para bajar la fiebre;Recetado;100,00
Mujeres;VI;Medicinas para bajar la fiebre;No recetado;0,00
Mujeres;VI;Reconstituyentes (vitaminas, minerales, tónicos);TOTAL;100,00
Mujeres;VI;Reconstituyentes (vitaminas, minerales, tónicos);Recetado;78,43
Mujeres;VI;Reconstituyentes (vitaminas, minerales, tónicos);No recetado;21,57
Mujeres;VI;Laxantes;TOTAL;100,00
Mujeres;VI;Laxantes;Recetado;82,21
Mujeres;VI;Laxantes;No recetado;17,79
Mujeres;VI;Antibióticos;TOTAL;100,00
Mujeres;VI;Antibióticos;Recetado;97,25
Mujeres;VI;Antibióticos;No recetado;2,75
Mujeres;VI;Tranquilizantes, relajantes, pastillas para dormir;TOTAL;100,00
Mujeres;VI;Tranquilizantes, relajantes, pastillas para dormir;Recetado;98,85
Mujeres;VI;Tranquilizantes, relajantes, pastillas para dormir;No recetado;1,15
Mujeres;VI;Medicamentos para la alergia;TOTAL;100,00
Mujeres;VI;Medicamentos para la alergia;Recetado;100,00
Mujeres;VI;Medicamentos para la alergia;No recetado;0,00
Mujeres;VI;Medicinas para el reuma;TOTAL;100,00
Mujeres;VI;Medicinas para el reuma;Recetado;100,00
Mujeres;VI;Medicinas para el reuma;No recetado;0,00
Mujeres;VI;Medicinas para el corazón;TOTAL;100,00
Mujeres;VI;Medicinas para el corazón;Recetado;100,00
Mujeres;VI;Medicinas para el corazón;No recetado;0,00
Mujeres;VI;Medicinas para la tensión arterial;TOTAL;100,00
Mujeres;VI;Medicinas para la tensión arterial;Recetado;99,66
Mujeres;VI;Medicinas para la tensión arterial;No recetado;0,34
Mujeres;VI;Medicinas para el estómago y/o alteraciones digestivas;TOTAL;100,00
Mujeres;VI;Medicinas para el estómago y/o alteraciones digestivas;Recetado;98,24
Mujeres;VI;Medicinas para el estómago y/o alteraciones digestivas;No recetado;1,76
Mujeres;VI;Antidepresivos, estimulantes;TOTAL;100,00
Mujeres;VI;Antidepresivos, estimulantes;Recetado;100,00
Mujeres;VI;Antidepresivos, estimulantes;No recetado;0,00
Mujeres;VI;Píldoras para no quedar embarazada;TOTAL;100,00
Mujeres;VI;Píldoras para no quedar embarazada;Recetado;94,61
Mujeres;VI;Píldoras para no quedar embarazada;No recetado;5,39
Mujeres;VI;Hormonas para la menopausia;TOTAL;100,00
Mujeres;VI;Hormonas para la menopausia;Recetado;100,00
Mujeres;VI;Hormonas para la menopausia;No recetado;0,00
Mujeres;VI;Medicamentos para el colesterol;TOTAL;100,00
Mujeres;VI;Medicamentos para el colesterol;Recetado;100,00
Mujeres;VI;Medicamentos para el colesterol;No recetado;0,00
Mujeres;VI;Medicamentos para la diabetes;TOTAL;100,00
Mujeres;VI;Medicamentos para la diabetes;Recetado;100,00
Mujeres;VI;Medicamentos para la diabetes;No recetado;0,00
Mujeres;VI;Medicamentos para el tiroides;TOTAL;100,00
Mujeres;VI;Medicamentos para el tiroides;Recetado;100,00
Mujeres;VI;Medicamentos para el tiroides;No recetado;0,00
Mujeres;VI;Otros medicamentos;TOTAL;100,00
Mujeres;VI;Otros medicamentos;Recetado;93,60
Mujeres;VI;Otros medicamentos;No recetado;6,40
Mujeres;No consta;Medicinas para el catarro, gripe, garganta, bronquios;TOTAL;100,00
Mujeres;No consta;Medicinas para el catarro, gripe, garganta, bronquios;Recetado;86,25
Mujeres;No consta;Medicinas para el catarro, gripe, garganta, bronquios;No recetado;13,75
Mujeres;No consta;Medicinas para el dolor;TOTAL;100,00
Mujeres;No consta;Medicinas para el dolor;Recetado;88,52
Mujeres;No consta;Medicinas para el dolor;No recetado;11,48
Mujeres;No consta;Medicinas para bajar la fiebre;TOTAL;100,00
Mujeres;No consta;Medicinas para bajar la fiebre;Recetado;100,00
Mujeres;No consta;Medicinas para bajar la fiebre;No recetado;0,00
Mujeres;No consta;Reconstituyentes (vitaminas, minerales, tónicos);TOTAL;100,00
Mujeres;No consta;Reconstituyentes (vitaminas, minerales, tónicos);Recetado;64,72
Mujeres;No consta;Reconstituyentes (vitaminas, minerales, tónicos);No recetado;35,28
Mujeres;No consta;Laxantes;TOTAL;100,00
Mujeres;No consta;Laxantes;Recetado;80,49
Mujeres;No consta;Laxantes;No recetado;19,51
Mujeres;No consta;Antibióticos;TOTAL;100,00
Mujeres;No consta;Antibióticos;Recetado;100,00
Mujeres;No consta;Antibióticos;No recetado;0,00
Mujeres;No consta;Tranquilizantes, relajantes, pastillas para dormir;TOTAL;100,00
Mujeres;No consta;Tranquilizantes, relajantes, pastillas para dormir;Recetado;97,68
Mujeres;No consta;Tranquilizantes, relajantes, pastillas para dormir;No recetado;2,32
Mujeres;No consta;Medicamentos para la alergia;TOTAL;100,00
Mujeres;No consta;Medicamentos para la alergia;Recetado;100,00
Mujeres;No consta;Medicamentos para la alergia;No recetado;0,00
Mujeres;No consta;Medicinas para el reuma;TOTAL;100,00
Mujeres;No consta;Medicinas para el reuma;Recetado;100,00
Mujeres;No consta;Medicinas para el reuma;No recetado;0,00
Mujeres;No consta;Medicinas para el corazón;TOTAL;100,00
Mujeres;No consta;Medicinas para el corazón;Recetado;100,00
Mujeres;No consta;Medicinas para el corazón;No recetado;0,00
Mujeres;No consta;Medicinas para la tensión arterial;TOTAL;100,00
Mujeres;No consta;Medicinas para la tensión arterial;Recetado;100,00
Mujeres;No consta;Medicinas para la tensión arterial;No recetado;0,00
Mujeres;No consta;Medicinas para el estómago y/o alteraciones digestivas;TOTAL;100,00
Mujeres;No consta;Medicinas para el estómago y/o alteraciones digestivas;Recetado;100,00
Mujeres;No consta;Medicinas para el estómago y/o alteraciones digestivas;No recetado;0,00
Mujeres;No consta;Antidepresivos, estimulantes;TOTAL;100,00
Mujeres;No consta;Antidepresivos, estimulantes;Recetado;100,00
Mujeres;No consta;Antidepresivos, estimulantes;No recetado;0,00
Mujeres;No consta;Píldoras para no quedar embarazada;TOTAL;100,00
Mujeres;No consta;Píldoras para no quedar embarazada;Recetado;88,27
Mujeres;No consta;Píldoras para no quedar embarazada;No recetado;11,73
Mujeres;No consta;Hormonas para la menopausia;TOTAL;100,00
Mujeres;No consta;Hormonas para la menopausia;Recetado;100,00
Mujeres;No consta;Hormonas para la menopausia;No recetado;0,00
Mujeres;No consta;Medicamentos para el colesterol;TOTAL;100,00
Mujeres;No consta;Medicamentos para el colesterol;Recetado;99,91
Mujeres;No consta;Medicamentos para el colesterol;No recetado;0,09
Mujeres;No consta;Medicamentos para la diabetes;TOTAL;100,00
Mujeres;No consta;Medicamentos para la diabetes;Recetado;100,00
Mujeres;No consta;Medicamentos para la diabetes;No recetado;0,00
Mujeres;No consta;Medicamentos para el tiroides;TOTAL;100,00
Mujeres;No consta;Medicamentos para el tiroides;Recetado;100,00
Mujeres;No consta;Medicamentos para el tiroides;No recetado;0,00
Mujeres;No consta;Otros medicamentos;TOTAL;100,00
Mujeres;No consta;Otros medicamentos;Recetado;95,63
Mujeres;No consta;Otros medicamentos;No recetado;4,37
